product_id,period,ln_sales,sales,sentiment,true_sentiment,sentiment_var,review_vol,pos_ratio,price,ln_price,ln_review_vol,avg_words,category,sentiment_char,sentiment_L1,sent_x_var,treat,post,did
P0001,1,4.7743871223067185,118.43770454528905,1.408097385234889,-0.42936129194543055,24.963146092136576,56,0.6785714285714286,37.61093837712552,3.6272949223737463,4.02535169073515,17.303571428571427,洗发水,0.8730203788456312,,0.37586832178949164,0,0,0
P0001,2,4.603715596589874,99.85464680041835,1.7974912654708002,-0.2592380795969824,25.68836992033386,56,0.7321428571428571,29.113667528697043,3.371207738440562,4.02535169073515,10.910714285714286,洗发水,1.1144445845918962,1.408097385234889,1.783394078313516,0,0,0
P0001,3,5.755970814679169,316.072246202619,1.3885276897901233,-0.29435141478897003,21.46424836207835,54,0.7037037037037037,24.097698501784066,3.1821163380851156,3.9889840465642745,18.185185185185187,洗发水,0.8608871676698765,1.7974912654708002,-4.487671866861121,0,0,0
P0001,4,4.064536956023105,58.237935552913754,3.3906716447077465,-0.38401738514615247,27.586478281255,37,0.8108108108108109,21.087876888744745,3.048698320326232,3.6109179126442243,14.837837837837839,洗发水,2.1022164197188027,1.3885276897901233,9.799941817612543,0,0,0
P0001,5,4.5947761425600495,98.96597879712799,3.5975438452084116,-0.2730741292198052,23.71156861747838,36,0.8888888888888888,30.039479807524916,3.40251251008571,3.58351893845611,13.694444444444445,洗发水,2.230477184029215,3.3906716447077465,-3.542299977016683,0,0,0
P0001,6,5.261368697632433,192.74512063193896,11.252795978337014,-0.31709041335274757,22.452850148170086,66,1.0,36.325636599252626,3.5925237344026497,4.189654742026425,19.515151515151516,洗发水,6.976733506568949,3.5975438452084116,-25.244100219801304,0,0,0
P0001,7,3.9227352838252787,50.538493013936616,8.72939737767067,-0.33358216177211525,23.210750877172213,39,1.0,33.353069926110706,3.507149819882572,3.6635616461296463,14.333333333333334,洗发水,5.412226374155815,11.252795978337014,-12.967185857087319,0,1,0
P0001,8,4.860434282994988,129.08024729315005,3.292406798032716,-0.4016201237074839,22.380780666275108,72,0.8472222222222222,29.812259765914778,3.394919710449712,4.276666119016055,16.916666666666668,洗发水,2.041292214780284,8.72939737767067,-7.62334391033875,0,1,0
P0001,9,4.669505578092155,106.64500177021839,9.783397228929239,-0.44366523893738663,25.10674742334233,50,1.0,20.8612015406343,3.0378910481359593,3.912023005428146,12.44,洗发水,6.065706281936128,3.292406798032716,4.016425041017237,0,1,0
P0001,10,4.7277397456770185,113.03977474550082,5.038701664653452,-0.12274054372424786,24.053467370662723,80,0.975,32.762296583262874,3.4892783598019514,4.330733340286331,11.125,洗发水,3.12399503208514,9.783397228929239,-3.238601566220539,0,1,0
P0001,11,4.68538277413865,108.35173861498212,4.012805305726227,-0.5368668528408198,25.33575170403444,51,0.9607843137254902,19.47021017063769,2.9688856139143263,3.9318256327243257,12.941176470588236,洗发水,2.4879392895502606,5.038701664653452,2.5663458229137284,0,1,0
P0001,12,4.514543444336735,91.33585659918657,5.781195286933133,-0.3688717015585857,26.198017261861686,86,0.9302325581395349,36.14556506555603,3.5875542596280567,4.330733340286331,11.651162790697674,洗发水,3.584341077898542,4.012805305726227,8.682225907745162,0,1,0
P0002,1,4.01221890419759,55.269372045305495,0.20883973678397502,-0.8007879177171766,25.61194461071567,49,0.5714285714285714,23.545906728315913,3.1589519933942696,3.8918202981106265,16.428571428571427,衣服,0.1294806368060645,,0.19124122755604905,1,0,0
P0002,2,3.3149449707166743,27.52087948862326,-3.708691447428369,-1.1162697719332682,31.373007847705942,37,0.10810810810810811,28.905478285762246,3.3640311372151257,3.6109179126442243,32.567567567567565,衣服,-2.299388697405589,0.20883973678397502,-24.762173351013818,1,0,0
P0002,3,5.077175572851782,160.32060199556096,-0.7374667607903304,-1.34027672824189,20.43117899242624,53,0.4716981132075472,16.862292678862623,2.8250799266540003,3.970291913552122,11.60377358490566,衣服,-0.4572293916900048,-3.708691447428369,3.145320535223453,1,0,0
P0002,4,3.523922729599244,33.9172159157366,8.889242399910438,-0.8197987776266868,23.790283627771295,52,0.9807692307692307,46.53715610907362,3.8402510496270494,3.9512437185814275,11.884615384615385,衣服,5.511330287944472,-0.7374667607903304,-8.053022423911512,1,0,0
P0002,5,3.3258784226886604,27.82342864216144,0.9444780716005475,-1.1866848873292717,28.66998081193893,55,0.6909090909090909,21.520028581364375,3.0689840634230166,4.007333185232471,10.345454545454546,衣服,0.5855764043923395,8.889242399910438,3.75313691732866,1,0,0
P0002,6,4.3307903847160585,76.00433550031617,-5.447638965161167,-0.9033243630543094,24.821042706977774,37,0.02702702702702703,25.08329460328356,3.222202070904543,3.6109179126442243,14.72972972972973,衣服,-3.377536158399924,0.9444780716005475,-0.680029236723161,1,0,0
P0002,7,3.970400873796199,53.0057752075644,7.095947127837498,-0.8924059796201579,27.10671511946018,45,0.9777777777777777,19.818778227809663,2.9866298836016916,3.8066624897703196,20.266666666666666,衣服,4.374687219259249,-5.447638965161167,17.008378175896826,1,1,1
P0002,8,3.7144116314691424,41.0344366092173,1.6996090427811505,-1.251145161644599,27.116660165419006,52,0.8076923076923077,19.729755066044397,2.9821279056667613,3.9512437185814275,15.98076923076923,衣服,1.0289576065243133,7.055947127837498,4.016996631176005,1,1,1
P0002,9,2.511552835266326,12.324052432962729,-3.4082387926803532,-1.0422289046247326,33.11811841082689,61,0.18032786885245902,40.45381562297692,3.700160968424787,4.110873864173311,10.655737704918034,衣服,-2.137908051461819,1.6596090427811505,-29.04074225045492,1,1,1
P0002,10,5.331689718142182,206.7870910179579,2.5374785249178045,-0.73505429493372,18.663167744217596,61,0.8360655737704918,23.06263404169679,3.1382137338899496,4.110873864173311,16.360655737704917,衣服,1.5484366854490388,-3.4482387926803533,-15.067400021313688,1,1,1
P0002,11,3.718815817158521,41.21555844202937,-4.096525195397476,-1.0319534833815383,29.382769371685427,47,0.1702127659574468,25.043093558591313,3.2205980832730603,3.8501476017100584,8.872340425531915,衣服,-2.564645621146435,2.4974785249178044,-19.386060076080803,1,1,1
P0002,12,3.913000461904293,50.04889671712066,-0.5774465086529827,-0.9250459082814594,28.833238821234463,55,0.5454545454545454,13.312693841697612,2.5887180042423292,4.007333185232471,14.309090909090909,衣服,-0.38281683536484934,-4.136525195397476,-2.554392383124291,1,1,1
P0003,1,4.1176229391071235,61.41308597706445,-3.202000393072396,-0.4800953036073039,28.85406091117435,10,0.1,21.25456912478103,3.0565718898942014,2.302585092994046,9.6,手机,-1.9852402437048855,,-13.313431857314294,0,0,0
P0003,2,6.124705785218969,457.01023432101204,3.6669028328670046,-0.3698454381959566,18.02016205892386,18,0.8888888888888888,25.735834707519366,3.24788436729873,2.8903717578961645,11.333333333333334,手机,2.273479756377543,-3.202000393072396,-24.48042872091325,0,0,0
P0003,3,5.073839688050263,159.78668197895547,3.4869512508998324,-0.2920934180366282,25.891799376220042,12,0.9166666666666666,52.22730596167955,3.9556054608322304,2.4849066497880004,16.166666666666668,手机,2.161909775557896,3.6669028328670046,4.168952729322267,0,0,0
P0003,4,3.710166722112419,40.860618327737924,-1.2309324503171897,-0.1464957541383086,34.3049349991958,12,0.5833333333333334,24.650485603074802,3.204796600216557,2.4849066497880004,11.75,手机,-0.7631781191966576,3.4869512508998324,-11.827688180580054,0,0,0
P0003,5,4.023380491446135,55.88972156590903,1.632830084125555,-0.3669917161096404,31.92388694368003,13,0.8461538461538461,22.501041849637133,3.1135616125666745,2.5649493574615367,15.076923076923077,手机,1.0123546521578441,-1.2309324503171897,11.801564071232601,0,0,0
P0003,6,5.76232719387853,318.0877200257986,0.8971946484882403,-0.26674204328956913,20.669129830393448,16,0.5625,17.114337477536044,2.8399165611853374,2.772588722239781,11.625,手机,0.556260682062709,1.632830084125555,-3.6130771293563377,0,0,0
P0003,7,5.138190840858066,170.40719554118974,-0.6375478484600268,-0.15728298807821786,24.50199190235204,26,0.34615384615384615,28.653670287436135,3.3552815427195637,3.258096538021482,27.153846153846153,手机,-0.3952796660452166,0.8971946484882403,0.12382500173031773,0,1,0
P0003,8,5.215323182150148,184.07129992635268,0.5021675726881938,-0.13712872559956688,22.81731793139281,15,0.6,16.25598611897685,2.7884612174941843,2.70805020110221,8.266666666666667,手机,0.31134389506668014,-0.6375478484600268,-0.9435199859554314,0,1,0
P0003,9,4.882309998841804,131.93508203437068,-0.29720870236880864,-0.5696400919399618,23.128231681112467,23,0.5652173913043478,39.94749727424993,3.6875660237980963,3.1354942159291497,14.26086956521739,手机,-0.18426939546866136,0.5021675726881938,0.4660175806834303,0,1,0
P0003,10,5.8180750561879195,336.32402526978393,-1.0785961266352542,-0.4593633885081212,18.520945767744678,15,0.6,31.037381039331834,3.435192318022488,2.70805020110221,19.333333333333332,手机,-0.6687295985138576,-0.29720870236880864,6.660618909587649,0,1,0
P0003,11,4.0672722445541245,58.39745117126726,12.893009896634474,-0.32887493686601454,31.445126353786147,30,1.0,24.71887949852835,3.2075673038327217,3.4011973816621555,12.133333333333333,手机,7.993666135913374,-1.0785961266352542,87.01381153964931,0,1,0
P0003,12,5.193353874445042,180.07147842824057,17.855255988211987,-0.48627371781808837,25.7608255972047,18,1.0,18.389118839169566,2.9117591222518135,2.8903717578961645,10.277777777777779,手机,11.070258712691432,12.893009896634474,19.008937206465927,0,1,0
P0004,1,5.930659868141677,376.4028081164972,9.951319595124152,0.4475448240157519,27.266248848901064,28,1.0,27.781443177135262,3.3243682861976835,3.332204510175204,11.857142857142858,衣服,6.169818148976974,,25.575251868179848,1,0,0
P0004,2,6.152523245748921,469.90156929952747,1.7962065879072726,0.2126854482862332,22.301450530344077,30,0.8,24.616562449837833,3.2034194867121455,3.4011973816621555,9.7,衣服,1.113648084502509,9.951319595124152,-4.301487444918089,1,0,0
P0004,3,6.155954708875729,471.5167889061432,10.695838386324631,0.4928937764844901,25.816324382194264,34,1.0,17.362568031242894,2.8543166263589135,3.5263605246161616,15.588235294117647,衣服,6.631419799521272,1.7962065879072726,11.980534365142228,1,0,0
P0004,4,6.272680021267807,529.8956080846419,10.462388380707786,0.5521347347503145,24.166489819369257,52,0.9807692307692307,22.440062048125796,3.1108478457186672,3.9512437185814275,17.942307692307693,衣服,6.4866807960388275,10.695838386324631,-5.542165691833089,1,0,0
P0004,5,6.716161325254967,825.6420493144307,9.902686435204828,0.3438142832369451,23.582796594524005,31,1.0,41.2072055389959,3.7186131327869076,3.4339872044851463,15.903225806451612,衣服,6.139665589826993,10.462388380707786,-11.025809788801672,1,0,0
P0004,6,6.05293667665481,425.3603434607829,12.012086042069361,0.33969421588232995,24.98135672455458,45,1.0,46.563366519725136,3.840814105786218,3.8066624897703196,16.42222222222222,衣服,7.447493346083004,9.902686435204828,3.425175498185632,1,0,0
P0004,7,5.691855275752821,296.4430944553858,9.710268681431112,0.7093674163371999,29.877888761709812,48,0.9791666666666666,31.279733309201966,3.442970389720111,3.871201010907891,19.6875,衣服,5.99556658248729,12.012086042069361,50.10820049430349,1,1,1
P0004,8,5.684447268145291,294.25515589511406,12.503245564200006,0.2800966914728009,25.541561647078154,69,1.0,28.537237810767348,3.3512098242803696,4.23410650459726,14.144927536231885,衣服,7.727212249804004,9.670268681431113,10.535792491064383,1,1,1
P0004,9,7.830609764929642,2516.463356788624,8.871290397178365,0.32943814802995997,16.145486298705826,34,0.9411764705882353,34.90331618549235,3.552581844335916,3.5263605246161616,12.205882352941176,衣服,5.475400046250587,12.463245564200006,-75.51394726493247,1,1,1
P0004,10,4.9588188178011485,142.42546607727323,4.625355348544782,0.39849719192350075,33.8208166198216,30,0.9333333333333333,22.18882152490887,3.0995886271479414,3.4011973816621555,18.633333333333333,衣服,2.8429203160977647,8.831290397178366,41.839551746257456,1,1,1
P0004,11,4.59981844501868,99.46625540837806,3.149284849331057,0.3939851498778313,29.77785760486707,52,0.8461538461538461,24.55455332800656,3.2008973086520256,3.9512437185814275,18.0,衣服,1.9277566065852552,4.585355348544782,15.8002817559202,1,1,1
P0004,12,5.132211271181017,169.3912742550809,12.242721554346959,0.660757252117511,28.534535564121263,48,1.0,48.376108678344764,3.8790060695027186,3.871201010907891,14.416666666666666,衣服,7.565687363695115,3.1092848493310568,46.83798610234103,1,1,1
P0005,1,4.641052279847829,103.65336256067211,12.718830424616494,0.21577325602331476,27.434548731530473,14,1.0,19.145841249921986,2.952085524936563,2.6390573296152584,19.357142857142858,计算机,7.885674863262226,,34.828432626863645,0,0,0
P0005,2,7.949213576952215,3085.844889071744,8.092110216958673,0.09026975813665769,12.443164196881131,9,1.0,16.830876480648033,2.8232150853165554,2.1972245773362196,24.333333333333332,计算机,5.017108334514377,12.718830424616494,-99.15301834715883,0,0,0
P0005,3,6.158778020161025,472.8499085978691,-4.393688474023076,0.21265328259751567,18.181048195421692,9,0.0,44.61528124497976,3.798076429153377,2.1972245773362196,21.22222222222222,计算机,-2.724086853894307,8.092110216958673,28.625602845991605,0,0,0
P0005,4,5.034077279417317,153.55783624500603,-0.10087624538217443,-0.14318485955254595,25.870846177642935,17,0.5882352941176471,19.68363443165804,2.9797875509789074,2.833213344056216,8.117647058823529,计算机,-0.06254327213694814,-4.393688474023076,-0.11849262282602006,0,0,0
P0005,5,3.783687355204852,43.977905285926795,7.222667031487874,0.031035237267282585,35.063425759220706,12,1.0,22.24686270933004,3.1022009968426936,2.4849066497880004,11.083333333333334,计算机,4.478053559522482,-0.10087624538217443,74.87892853696381,0,0,0
P0005,6,6.03164202262704,416.3982036068997,-0.8453436515854584,0.012083401519290833,21.909409010227794,14,0.5714285714285714,19.300783313295792,2.960145681268372,2.6390573296152584,12.642857142857142,计算机,-0.5241130639829842,7.222667031487874,2.3558067411518007,0,0,0
P0005,7,6.337156151003828,565.1867180654034,3.3117216546709454,0.18499867066536793,12.967711422998843,12,0.75,29.002243831705012,3.367373200500368,2.4849066497880004,6.083333333333333,计算机,2.053267425895986,-0.8453436515854584,-38.841531396487916,0,1,0
P0005,8,5.35949521632481,212.61759346656962,12.607412765354447,0.21555170020864745,23.413653494360457,8,1.0,18.992623229846128,2.9440506527167534,2.0794415416798357,10.0,计算机,7.816595914519757,3.3117216546709454,-16.169752314019423,0,1,0
P0005,9,4.560317671558275,95.6138488064739,-8.004695162216374,0.08341886185282656,27.072377356620606,10,0.0,21.310613360674157,3.059205228459058,2.302585092994046,11.9,计算机,-4.9629110005741515,12.607412765354447,-19.020474358453207,0,1,0
P0005,10,4.7000885696196635,109.95691086262795,7.570567583267438,-0.03862353650689386,25.750413958204323,10,1.0,35.6167604946653,3.57281632747819,2.302585092994046,10.9,计算机,4.693751901625812,-8.004695162216374,7.98090246457079,0,1,0
P0005,11,6.867854067036168,960.8843583597153,3.7959885055569713,0.17393217252894944,12.443164196881131,10,1.0,15.657410640822262,2.7509443282845725,2.302585092994046,26.6,计算机,2.353512873445322,7.570567583267438,-46.512430978548124,0,1,0
P0005,12,5.93368400789827,377.54282573048204,-0.831872748892687,0.07353028034274667,17.788397967070154,19,0.5263157894736842,25.442594287884837,3.2364247099976815,2.9444389791664403,17.05263157894737,计算机,-0.515761104313466,3.7959885055569713,5.746422765566805,0,1,0
P0006,1,3.75546212459062,42.75397290823238,14.728615688144599,0.13527991243126833,29.245751157683824,17,1.0,25.20321631862793,3.2269716180647308,2.833213344056216,11.941176470588236,书籍,9.13174172664965,,67.0084046552871,1,0,0
P0006,2,4.728696310323564,113.14795633076682,10.534630038838504,0.08630019055552313,21.400699985198223,18,1.0,28.97028768568153,3.366270742200766,2.8903717578961645,14.277777777777779,书籍,6.531470624079873,14.728615688144599,-34.7170064135936,1,0,0
P0006,3,4.574469957198877,96.97662375066317,5.107531581006575,0.051148937078979814,18.323449938871594,11,0.9090909090909091,38.90988615974402,3.661248361259569,2.3978952727983707,7.545454545454546,书籍,3.1666695802240765,10.534630038838504,-32.54908666067542,1,0,0
P0006,4,4.110036532048291,60.94894411872158,11.031382875982292,0.43411375502636546,29.36750617730914,16,1.0,37.97664458556123,3.636971354603,2.772588722239781,26.9375,书籍,6.839457383109021,5.107531581006575,51.5308277383157,1,0,0
P0006,5,3.7620370579607276,43.03600358184619,-2.004745792685077,0.30886528096594923,31.165634327661074,19,0.21052631578947367,27.520262428582544,3.314922548942007,2.9444389791664403,20.0,书籍,-1.2429423914647477,11.031382875982292,-12.969545946182336,1,0,0
P0006,6,5.908945821511189,368.31767810981444,5.381291311680075,0.15526158324719794,14.265849140148955,20,0.9,31.791489985775836,3.459198643461855,2.995732273553991,10.95,书籍,3.336400613241646,-2.004745792685077,-56.12882438079791,1,0,0
P0006,7,4.799284374166463,121.42349263147176,-0.6444492649358461,0.1925158747536183,19.003480605727866,15,0.4,22.762597023358403,3.1251187074656595,2.70805020110221,9.733333333333333,书籍,-0.42435854426022457,5.381291311680075,3.8963862437913495,1,1,1
P0006,8,4.390718163947732,80.69835282262721,6.807305200877003,0.44792342865221535,22.90521576524425,14,1.0,21.99841800170603,3.0909705417593765,2.6390573296152584,9.571428571428571,书籍,4.195729224543742,-0.6844492649358461,-12.120222341273983,1,1,1
P0006,9,3.4471126046442806,31.409569406205406,-1.670022463232914,0.22358158614174903,30.760345285296417,21,0.23809523809523808,22.318128094765424,3.105399267274121,3.044522437723423,16.095238095238095,书籍,-1.0602139272044067,6.767305200877003,-10.369803074818126,1,1,1
P0006,10,5.452759048765153,233.40124377153757,8.579892697774808,0.09393093858727197,18.002671167761967,22,1.0,15.370553751249243,2.7324535849593654,3.091042453358316,15.727272727272727,书籍,5.294733472620381,-1.710022463232914,-57.162125784519596,1,1,1
P0006,11,5.963964842472639,389.14998796251734,4.487501374696359,-0.15558818944695765,13.645885394429703,22,0.8181818181818182,17.889370690977884,2.8842067203215866,3.091042453358316,16.636363636363637,书籍,2.7574508523117425,8.539892697774809,-49.14634553401531,1,1,1
P0006,12,4.936971810861612,139.34763900370615,9.666940233344429,0.22101900533769264,22.190092288012952,31,1.0,18.492972914898317,2.9173908174879384,3.4339872044851463,12.870967741935484,书籍,5.968702944673546,4.447501374696359,-24.12627066972777,1,1,1
P0007,1,4.494745419943079,89.54536961784216,19.481331390769515,0.23077904333691257,24.86431621071842,22,1.0,15.287317723562742,2.727023577708373,3.091042453358316,11.909090909090908,计算机,12.0784254622771,,3.2748817261446854,0,0,0
P0007,2,5.953747757967906,385.194252105409,8.820965967626769,-0.21101923623476357,16.44027876171079,23,1.0,34.73538572180143,3.5477589287845386,3.1354942159291497,43.0,计算机,5.468998899928597,19.481331390769515,-72.82531160971634,0,0,0
P0007,3,4.953116124558475,141.6155688269464,14.008777205029197,0.24485721598499927,21.568294851359795,24,1.0,34.56488260483583,3.542838213032017,3.1780538303479458,14.833333333333334,计算机,8.685441867118103,8.820965967626769,-43.818303159988716,0,0,0
P0007,4,3.3267527600079343,27.84776634230274,2.800273698120942,0.024566994946203194,36.060440534015676,32,0.8125,18.920799137381294,2.940261800436888,3.4657359027997265,20.875,计算机,1.7361696928349841,14.008777205029197,31.822948522381193,0,0,0
P0007,5,4.296479988474772,73.44082562905763,13.826491533773705,0.29913474601711776,27.53874886695552,34,1.0,16.782359653892414,2.8203283141497373,3.5263605246161616,10.382352941176471,计算机,8.572424750939698,2.800273698120942,39.302303329824554,0,0,0
P0007,6,4.6426242554187995,103.81643125088516,-0.013605115348914362,-0.013661708707458808,21.840281837313103,24,0.5833333333333334,23.655147382032162,3.1635807395448756,3.1780538303479458,12.291666666666666,计算机,-0.008435171516326905,13.826491533773705,0.03885526774975064,0,0,0
P0007,7,3.806555846493222,44.99520130840925,4.754520582623659,-0.009505647002864548,27.63225458618999,35,0.9142857142857143,26.156413884690878,3.2640944332735944,3.5553480614894135,12.342857142857143,计算机,2.9478027612266686,-0.013605115348914362,13.95947195173627,0,1,0
P0007,8,6.056765961378363,426.99229192951105,10.692255320913207,0.08043710188008324,14.676194438472494,13,1.0,22.16499867978553,3.098514408633989,2.5649493574615367,11.307692307692308,计算机,6.629198298966188,4.754520582623659,-107.13659273498745,0,1,0
P0007,9,4.257225538087252,70.61379613511102,7.061611407056254,-0.019751575196501503,28.420698295540383,32,0.96875,25.943978362945792,3.255939535013989,3.4657359027997265,17.5625,计算机,4.378199072374877,10.692255320913207,26.30087051998976,0,1,0
P0007,10,5.226086713354676,186.06325812784038,-0.6077067265153054,0.02384286515867097,20.299314196701776,29,0.4827586206896552,21.99795391428087,3.0909494451368613,3.367295829986474,11.862068965517242,计算机,-0.37677817043948936,7.061611407056254,2.672024748660404,0,1,0
P0007,11,2.83442960108304,17.02068894844507,17.503719789692127,0.009654642965241045,37.52047984889065,25,1.0,32.98415742945843,3.496027368296993,3.2188758248682006,25.36,计算机,10.85230626960912,-0.6077067265153054,224.47238005332562,0,1,0
P0007,12,3.3873119659773896,29.586316261454662,0.501622602288544,-0.11432165875118133,34.97650428183678,31,0.5483870967741935,14.790975509622964,2.6940172319257747,3.4339872044851463,12.096774193548388,计算机,0.31100601341889733,17.503719789692127,5.15682665485588,0,1,0
P0008,1,2.881044736146324,17.8328941200145,4.713622489168793,0.005891739169596788,33.12813731413947,64,0.9375,55.15517459920061,4.008329516072456,4.1588830833596715,13.71875,平板,2.9224459432846515,,39.74490985738111,1,0,0
P0008,2,5.056492501670612,157.03873610043206,3.62998661178676,-0.07131578823335721,17.785516625220342,28,0.7857142857142857,27.16958435648239,3.302098125436899,3.332204510175204,17.535714285714285,平板,2.2505916993077912,4.713622489168793,-25.08573394525652,1,0,0
P0008,3,5.292434893144124,198.82695889338123,10.685160473789098,0.07603917373729636,20.551738446722585,38,1.0,33.62097315100497,3.51515007315956,3.6375861597263857,11.868421052631579,平板,6.624799493749241,3.62998661178676,-44.284371638834614,1,0,0
P0008,4,4.909451636828,135.5650551387378,15.825297473179951,0.13238820800322526,26.027703205495836,29,1.0,14.108276118330355,2.646761583938048,3.367295829986474,18.379310344827587,平板,9.81168443337157,10.685160473789098,21.07123457171258,1,0,0
P0008,5,5.1054023648628934,164.91041133918944,-1.807605600729271,0.001849214502069936,23.47086044837299,36,0.3888888888888889,11.416631648098825,2.4350712087156094,3.58351893845611,15.722222222222221,平板,-1.120715472452148,15.825297473179951,2.21495345132538,1,0,0
P0008,6,4.4313618006072995,84.04579262557219,15.951127521410953,-0.069872979368347,22.324095555291052,42,1.0,21.587645243080985,3.072121171560458,3.7376696182833684,8.904761904761905,平板,9.88969906327479,-1.807605600729271,-37.83794182159572,1,0,0
P0008,7,5.257632299756522,192.0262919239238,2.482901088509568,-0.17433067742984665,20.27114468553454,47,0.8085106382978723,13.957536790181688,2.636019634070779,3.8501476017100584,12.680851063829786,平板,1.5145986748759321,15.951127521410953,-10.810003277924803,1,1,1
P0008,8,3.7483325924945863,42.45024110553012,6.903748878726935,0.13381109535903674,27.982886887547934,41,0.9512195121951219,13.434764960539486,2.597845747350931,3.713572066704308,14.268292682926829,平板,4.2555243048107,2.442901088509568,22.558906807130278,1,1,1
P0008,9,4.198813918169178,66.6072824836092,7.165580753747621,0.03024533452686963,28.574791762680494,50,0.96,34.37113712816692,3.5372171752189274,3.912023005428146,15.96,平板,4.417860067323525,6.863748878726935,27.637128879040144,1,1,1
P0008,10,5.095430349854682,163.2740944901307,-0.16395798747648743,-0.2773986409179331,21.808583355529017,30,0.36666666666666664,23.008703769449486,3.135872569103233,3.4011973816621555,13.4,平板,-0.12645395223542222,7.125580753747621,0.5889550537012148,1,1,1
P0008,11,4.128369028794436,62.07659518661378,7.28653537196881,0.04658492031271143,24.05905238847141,33,0.9696969696969697,27.095266064012513,3.299359028641853,3.4965075614664802,14.0,平板,4.492851930620662,-0.20395798747648744,-4.617204167517214,1,1,1
P0008,12,5.308847333713917,202.11712047552902,0.36643731708071925,-0.007148094957156369,19.298000606088713,37,0.5135135135135135,17.773135169832727,2.877688057095962,3.6109179126442243,22.91891891891892,平板,0.20239113659004596,7.24653537196881,-1.762177847400687,1,1,1
P0009,1,6.369984873773458,584.0489943670779,11.06918160665209,0.6030714417943248,23.88702004907042,40,1.0,15.949980129075124,2.7694575834040664,3.6888794541139363,12.6,水果,6.862892596124296,,-8.957099540907262,0,0,0
P0009,2,6.984470751148651,1079.734818074375,15.393909538728172,0.5867954938576577,20.328804850765096,40,1.0,25.10373867084998,3.223016786075515,3.6888794541139363,15.15,水果,9.544223914011466,11.06918160665209,-67.23148014411598,0,0,0
P0009,3,6.4941499222602825,661.2618623281895,17.220766495071494,0.5754207797429688,24.817780011700826,28,1.0,19.022536608642213,2.9456244135583285,3.332204510175204,11.75,水果,10.676875226944327,15.393909538728172,2.0934836370607024,0,0,0
P0009,4,6.394658487497547,598.6388456588327,14.491095735562793,0.5232890817148369,23.151034757088322,54,1.0,32.406880797195605,3.478370770534722,3.9889840465642745,14.981481481481481,水果,8.984479356048931,17.220766495071494,-22.391320364189056,0,0,0
P0009,5,6.751148832257527,855.0404965982743,6.242989919816413,0.43989794808961635,20.08640582541446,44,1.0,40.31010084482567,3.696602078858162,3.784189633918261,13.545454545454545,水果,3.870653750286176,14.491095735562793,-28.77897736135188,0,0,0
P0009,6,5.1948995731155545,180.35002989590174,12.864928556640061,0.6120439207075088,29.354912337280446,49,1.0,29.029885415508687,3.3683258309226063,3.8918202981106265,14.714285714285714,水果,7.976255705116838,6.242989919816413,59.933839008111406,0,0,0
P0009,7,6.337245268195912,565.2370881631078,13.457692861492124,0.6382218783779467,24.248357383977204,59,1.0,22.10268541233296,3.0956991130120075,4.07753744390572,16.89830508474576,水果,8.343769574125117,12.864928556640061,-6.027098235339148,0,1,0
P0009,8,5.801140335107426,330.67642693028967,9.895043738893603,0.38119872459640514,28.149466904078857,55,1.0,15.71051697938306,2.7543303593889146,4.007333185232471,19.563636363636363,水果,6.134927118114034,13.457692861492124,34.17010216591393,0,1,0
P0009,9,6.078453103693962,436.3536784829385,8.117595897873798,0.2898182390805646,25.74315864595997,40,1.0,31.829638742858254,3.4603978916492695,3.6888794541139363,11.125,水果,5.032909456681755,9.895043738893603,8.498684752035977,0,1,0
P0009,10,5.797294210657243,329.4070469011503,8.578041891340378,0.49639952265086357,28.633003276336265,48,0.9791666666666666,19.9755638400141,2.994509718538767,3.871201010907891,13.854166666666666,水果,5.3183859726310345,8.117595897873798,33.76995515312695,0,1,0
P0009,11,6.453326124885487,634.810243363501,10.76058247150156,0.5319469447329102,26.494794714515407,52,1.0,14.158691178675692,2.6503286531090913,3.9512437185814275,20.173076923076923,水果,6.671561132330968,8.578041891340378,19.35379094178175,0,1,0
P0009,12,5.644418871556619,282.7092181087808,16.069560936989657,0.9097544585977969,29.608382486274017,53,1.0,39.538001725868995,3.6772622784246374,3.970291913552122,13.679245283018869,水果,9.963127780933586,10.76058247150156,78.9364129720281,0,1,0
P0010,1,5.228476528831763,186.50844672925567,2.9099700313039207,0.03904661809246232,18.883823853451727,19,0.7368421052631579,19.777780773776907,2.9845591244389564,2.9444389791664403,15.473684210526315,洗发水,1.804181419408431,,-16.913877125815432,1,0,0
P0010,2,4.560497167144029,95.63101261063906,3.1762411129676993,0.10864841060284186,24.274563520804627,16,0.6875,18.261432011312746,2.9047912954934425,2.772588722239781,8.8125,洗发水,1.9692694900399736,2.9099700313039207,-1.3392592094283766,1,0,0
P0010,3,3.877963465963099,48.325697860018984,0.17676124618346462,0.5935711076023806,32.362669390626365,13,0.6153846153846154,40.274999839235925,3.695730925071379,2.5649493574615367,8.846153846153847,洗发水,0.10959197263374806,3.1762411129676993,1.3551324522916106,1,0,0
P0010,4,4.157337104760597,63.90113381185597,7.120707870740913,-0.13623971613616986,27.045299797572326,11,1.0,43.61260283796483,3.7753461645030004,2.3978952727983707,10.818181818181818,洗发水,4.414838879859365,0.17676124618346462,16.727163542473047,1,0,0
P0010,5,2.5280697808410326,12.529298489159489,14.59200218123602,-0.02927100398203042,34.738157811826746,24,1.0,33.78725351396279,3.520083616391725,3.1780538303479458,15.333333333333334,洗发水,9.047041352366334,7.120707870740913,146.53208611855587,1,0,0
P0010,6,3.1045879959448017,22.300029379795003,3.2103419760728427,-0.09429282083767637,33.95921942981673,20,0.75,28.51117066594363,3.350295963672023,2.995732273553991,11.3,洗发水,1.9904120251651625,14.59200218123602,29.737419580827897,1,0,0
P0010,7,4.94335083991683,140.23938284773,19.026812152051445,0.10222341720683409,23.950073614053025,22,1.0,19.241113135239537,2.9570492988259396,3.091042453358316,16.40909090909091,洗发水,11.771823534271896,3.2103419760728427,-14.166801177024757,1,1,1
P0010,8,5.675319949126914,291.58161490579243,11.693365744541401,-0.08695655081586626,18.998617893833025,22,1.0,24.094221071139295,3.181972022163209,3.091042453358316,11.863636363636363,洗发水,7.225086761615669,18.986812152051446,-66.39615522770615,1,1,1
P0010,9,4.614274419777627,100.91458033833142,5.92580890045943,0.020757245791485766,24.191228756635738,21,0.8571428571428571,20.008825055287744,2.9961734289950055,3.044522437723423,8.857142857142858,洗发水,3.6492015182848463,11.653365744541402,-2.9722385274328467,1,1,1
P0010,10,3.9400633495849315,51.421858750755035,22.454312854240573,0.13738032461334748,27.914425805340397,13,1.0,25.24194768127212,3.2285072011487714,2.5649493574615367,24.0,洗发水,13.896873969629155,5.88580890045943,72.13403713033166,1,1,1
P0010,11,4.297767542267281,73.53544554366458,1.4111704828237221,-0.13208409889834236,22.27607034348611,17,0.5882352941176471,40.49529498588396,3.7011857941758155,2.833213344056216,8.0,洗发水,0.8501256993507077,22.414312854240574,-3.318427656085512,1,1,1
P0010,12,4.514044273432415,91.29027577430831,6.992256869257729,-0.04636968172434818,26.77292373515162,16,1.0,21.80174689909658,3.081990099570649,2.772588722239781,9.4375,洗发水,4.310399258939792,1.3711704828237221,14.437829104135995,1,1,1
P0011,1,5.171521190686775,176.1826411350796,11.174149237585455,0.4632399228542339,20.844584486373396,31,1.0,15.695843958663811,2.753395961302121,3.4339872044851463,18.580645161290324,手机,6.927972527302982,,-43.03866759153618,0,0,0
P0011,2,4.465706154593561,86.98243090091404,7.051964059034563,0.38759711370281535,26.854552964228983,35,0.9428571428571428,36.31961293900609,3.5923578967106153,3.5553480614894135,13.142857142857142,手机,4.372217716601429,11.174149237585455,15.220538522859403,0,0,0
P0011,3,4.175947250382312,65.10147786279758,4.912850303039715,0.460185495789705,31.850913128979997,41,0.926829268292683,27.309434415676446,3.307232225482677,3.713572066704308,13.195121951219512,手机,3.045967187884623,7.051964059034563,35.1499725554748,0,0,0
P0011,4,6.277754160397495,532.5912052582214,3.897029779539208,0.4454107187211138,17.711829364620602,34,0.9117647058823529,40.77683199396606,3.7081140768409133,3.5263605246161616,16.88235294117647,手机,2.416158463314309,4.912850303039715,-27.218349544453623,0,0,0
P0011,5,4.337283367598637,76.49943594968968,6.1079107504555745,0.6048564550129403,27.473491713597635,32,0.96875,42.26392061663222,3.7439337815863585,3.4657359027997265,10.8125,手机,3.786904665282456,3.897029779539208,16.963372822573543,0,0,0
P0011,6,4.388832000828926,80.54628602226286,22.414312854240574,0.5237968912507385,27.45315187238362,32,1.0,15.495630972505252,2.7405581114500164,3.4657359027997265,14.53125,手机,13.896873969629155,6.1079107504555745,61.79489888553252,0,0,0
P0011,7,5.492746321333547,242.92343741620968,9.605911794558383,0.43983678265273535,25.834806605114142,28,1.0,15.758211226039835,2.757361577102223,3.332204510175204,11.107142857142858,手机,5.955665312626197,22.414312854240574,10.93723337473722,0,1,0
P0011,8,5.493647505691915,243.1424548910289,10.426775634647472,0.3471025182078136,22.31596203799679,37,0.972972972972973,26.499192949088485,3.2771142777770432,3.6109179126442243,11.297297297297296,手机,6.464600893481433,9.605911794558383,-24.81833879024492,0,1,0
P0011,9,5.232413200779716,187.24411639453862,10.845586468772634,0.3769544003637173,23.731502180263373,40,1.0,21.50455157550202,3.0682646139142236,3.6888794541139363,11.25,手机,6.724263610639033,10.426775634647472,-10.462850509650897,0,1,0
P0011,10,6.505182965121609,668.5979882762957,7.543818203395399,0.40240720652052464,17.18528362206227,21,0.9523809523809523,26.582088503759866,3.2802376244556353,3.044522437723423,14.285714285714286,手机,4.677167286105147,10.845586468772634,-56.66108291168425,0,1,0
P0011,11,5.997953260055428,402.6039241008277,10.987829014221711,0.3269710577403511,18.65773908412806,23,1.0,24.278453931329945,3.1895892875299974,3.1354942159291497,12.826086956521738,手机,6.812453988817461,7.543818203395399,-66.34971473746147,0,1,0
P0011,12,6.370987973600889,584.6351477485675,5.488767330062896,0.22811647566072155,16.693029869243986,35,0.9428571428571428,11.390576320115716,2.4327863749600267,3.5553480614894135,16.285714285714285,手机,3.403035744638996,10.987829014221711,-43.9276080280628,0,1,0
P0012,1,5.58436163986992,266.23027768831884,20.72331586586161,0.7220038063791172,31.56269604859882,33,1.0,18.96277400110255,2.942477794199922,3.4965075614664802,24.90909090909091,书籍,12.8484558368342,,142.29630494385904,1,0,0
P0012,2,5.754762987502551,315.6907160115304,5.295587824700669,1.0300623851037243,26.105735294184754,33,0.9090909090909091,21.078948470147136,3.0482748396086277,3.4965075614664802,11.93939393939394,书籍,3.2832644513144147,20.72331586586161,7.464251103185482,1,0,0
P0012,3,6.110693216846597,450.6510057817013,6.633101303818778,1.0123541935794635,22.648473103543083,25,0.92,34.65046342683824,3.5453111000584006,3.2188758248682006,14.24,书籍,4.112522808367642,5.295587824700669,-13.582863667597948,1,0,0
P0012,4,6.4266846553437045,618.12126218886,12.446058405356585,0.883640997278606,25.426341430817608,39,1.0,42.68472207901636,3.753841059465704,3.6635616461296463,15.487179487179487,书籍,7.716556211321082,6.633101303818778,9.087225802030062,1,0,0
P0012,5,4.1630703207058515,64.26854502867651,13.087129024413981,0.8231143976959042,36.45183567006223,28,1.0,13.765062099660208,2.6221336500017722,3.332204510175204,11.285714285714286,书籍,8.114019995136669,12.446058405356585,153.84735559662658,1,0,0
P0012,6,6.293278080647891,540.9236171672486,8.207677219381262,0.9828833983080143,26.992806230798408,24,0.9583333333333334,24.449071603190436,3.1965922439603003,3.1780538303479458,11.083333333333334,书籍,5.088759876016383,13.087129024413981,18.849699047783872,1,0,0
P0012,7,7.317567251257607,1506.5344882281065,7.064746951362892,0.8022793108790123,21.41903123434581,28,1.0,27.871642402041825,3.327609770580677,3.332204510175204,11.535714285714286,书籍,4.355343109844993,8.207677219381262,-23.021369959699594,1,1,1
P0012,8,6.750692236400279,854.6501777655106,15.312513621967947,0.8661817787659029,23.182033269323433,37,1.0,14.77907371985305,2.6932122423689258,3.6109179126442243,11.891891891891891,书籍,9.468958445620128,7.024746951362892,-23.125324784882444,1,1,1
P0012,9,6.181940509273694,483.93011668322583,17.626107693510782,1.2397046463231027,28.21788605372561,43,1.0,19.671504490124335,2.97917111601005,3.7612001156935624,21.488372093023255,书籍,10.903386769976686,15.272513621967947,61.93252823742866,1,1,1
P0012,10,5.587046684382345,266.94607838278574,17.943799265540378,0.8578688626217621,31.04822421030669,52,1.0,33.34253454098558,3.5068338954585587,3.9512437185814275,13.25,书籍,11.100355544635034,17.586107693510783,113.72514041525909,1,1,1
P0012,11,6.6123090571566046,744.1994353340604,7.794939612381839,0.8115267520895455,19.854920089835268,36,0.9722222222222222,27.368922740824026,3.3094081631557475,3.58351893845611,13.25,书籍,4.80806255967674,17.90379926554038,-37.5439312302875,1,1,1
P0012,12,6.136259835111662,462.3211757284763,12.64590909487838,1.0077205340593445,26.808318340243154,46,1.0,17.320967967080858,2.8519177888175085,3.828641396489095,14.065217391304348,书籍,7.815663638824597,7.754939612381839,26.625012687050745,1,1,1
P0013,1,7.002893893357136,1099.811294215899,15.647125065547497,0.6396824193145437,26.709099482556038,29,1.0,28.648819781636405,3.355112247953997,3.367295829986474,12.413793103448276,热水器,9.701217540639448,,31.4958924550126,0,0,0
P0013,2,6.917594186766773,1009.8874689701753,3.304135506211272,0.5023844221762543,26.499286987545247,27,0.8888888888888888,31.852111471269087,3.4611036740521754,3.295836866004329,13.25925925925926,热水器,2.0485640138509886,15.647125065547497,5.957602032613304,0,0,0
P0013,3,7.050682290483103,1153.6455957325652,6.305069325932186,0.33088322344418786,23.934970883759977,45,1.0,27.572460217288857,3.316817456356934,3.8066624897703196,14.8,热水器,3.909142982077955,3.304135506211272,-4.799681931343413,0,0,0
P0013,4,7.949213576952215,3714.9338055775784,18.24454266411877,0.903654584006428,21.328978228004832,27,1.0,40.150720592646444,3.6926403877447034,3.295836866004329,12.0,热水器,11.311616451753638,6.305069325932186,-61.43365155539218,0,0,0
P0013,5,7.053549042577418,1156.9575566775025,7.697031726577635,0.5182741402903229,26.290929641149354,38,1.0,28.628315582471732,3.354396283375454,3.6375861597263857,14.394736842105264,热水器,4.772159670478134,18.24454266411877,12.274587493812199,0,0,0
P0013,6,6.503074133926644,667.1895136213496,9.455938594050684,0.884076533344941,29.015120961202314,37,1.0,27.565574811949467,3.316567704788111,3.6109179126442243,12.108108108108109,热水器,5.862681928311424,7.697031726577635,40.83933205190954,0,0,0
P0013,7,7.700384681489122,2209.1976658976805,12.416789721373267,0.7048381328167426,23.409273444600686,23,1.0,36.72546839157108,3.6034704760036895,3.1354942159291497,16.608695652173914,热水器,7.698409627251425,9.455938594050684,-15.979653145921223,0,1,0
P0013,8,7.811857343330133,2469.7132835012817,11.038930318640048,0.6873722865663898,20.29299996058894,38,0.9736842105263158,44.28588859140139,3.790666084351003,3.6375861597263857,18.07894736842105,热水器,6.84413679755683,12.416789721373267,-48.6067577438758,0,1,0
P0013,9,7.716933095999099,2246.0605545500894,1.2727474414924675,0.4503963212456049,24.395295591186283,30,0.8,19.84961459642209,2.9881845911473346,3.4011973816621555,12.333333333333334,热水器,0.7891034137253299,11.038930318640048,-0.3829913806552369,0,1,0
P0013,10,7.949213576952215,3321.0344751788352,14.627151285585624,0.49572095268223126,19.72600215358602,30,1.0,20.890934601267087,3.0393153137379847,3.4011973816621555,22.666666666666668,热水器,9.068833797063087,1.2727474414924675,-72.7000204379298,0,1,0
P0013,11,7.390890980360831,1621.1498823602283,14.491072631602474,0.5442230330534782,23.586465306790565,22,1.0,21.894807527140937,3.086249509492683,3.091042453358316,10.727272727272727,热水器,8.984465031593533,14.627151285585624,-16.08142894270719,0,1,0
P0013,12,6.599015162747945,734.3715964848373,0.07348848492940517,0.7910401525532958,30.10923680932087,27,0.6296296296296297,19.123430916922985,2.95091433278726,3.295836866004329,14.925925925925926,热水器,0.045562860656231205,14.491072631602474,0.39779494643636465,0,1,0
P0014,1,5.426723534676682,227.40294561319766,5.300184111131084,0.4168448727160933,20.788633150109817,15,0.9333333333333333,22.560127506744244,3.116184078508578,2.70805020110221,16.666666666666668,手机,3.2861141489012717,,-20.710890628168496,1,0,0
P0014,2,6.739650221903279,845.2650289451028,-4.110942733331467,0.13772689031727375,12.443164196881131,10,0.3,38.565857792777436,3.652367371917733,2.302585092994046,30.5,手机,-2.54878449466551,5.300184111131084,50.37158038306239,1,0,0
P0014,3,4.611960480253676,100.68134005836498,22.414312854240574,0.4560179945930572,28.64260150229508,15,1.0,15.902299715094077,2.7664637349368224,2.70805020110221,10.066666666666666,手机,13.896873969629155,-4.110942733331467,88.4555950147286,1,0,0
P0014,4,5.156926805251295,173.63003592322576,11.775566953757655,0.38640311830745105,27.645926666246364,18,0.9444444444444444,22.873369327667223,3.1299733223984036,2.8903717578961645,20.166666666666668,手机,7.300851511329746,22.414312854240574,34.734555226296685,1,0,0
P0014,5,5.566533874783954,261.5260444163293,14.883729095488224,0.5184755464157935,21.032317381829277,8,1.0,34.972297345155624,3.5545562436602767,2.0794415416798357,10.625,手机,9.2279120392027,11.775566953757655,-54.53242418410338,1,0,0
P0014,6,3.9049727055484618,49.64872475897128,9.029668930712226,0.33819515639440134,32.346868819760815,16,1.0,29.098246037151824,3.3706778987235237,2.772588722239781,12.125,手机,5.5983947370415805,14.883729095488224,69.082892571422,1,0,0
P0014,7,5.291774795363041,198.69575696681065,6.695778421226773,-0.022406546325810905,21.67338326975605,12,1.0,25.829580737961955,3.2515203753833695,2.4849066497880004,10.5,手机,4.126582621160599,9.029668930712226,-20.119282371548927,1,1,1
P0014,8,4.675179933618665,107.25186357187076,-8.22482064992589,0.34323228423988644,30.837176482476167,9,0.0,23.714710119243126,3.1660955357356775,2.1972245773362196,27.77777777777778,手机,-5.124188802954051,6.655778421226773,-50.75396492720322,1,1,1
P0014,9,5.962372688567356,388.53089426644624,15.852504358135155,0.3036492156661131,22.208684202051234,17,1.0,18.993006181024445,2.94407081566702,2.833213344056216,9.176470588235293,手机,9.803752702043797,-8.26482064992589,-39.33405397627605,1,1,1
P0014,10,6.679868290270264,796.214235947629,16.192063704634837,0.3779589283874506,19.07260169799574,16,1.0,24.636843318608747,3.2042430183888166,2.772588722239781,16.1875,手机,10.014279496873598,15.812504358135156,-90.83292188933777,1,1,1
P0014,11,2.259350741048899,9.57686927972082,3.57973387678243,0.3130045879293468,39.130673654705305,8,0.875,54.89823521093323,4.005481202478465,2.0794415416798357,9.25,手机,2.1946350036051063,16.152063704634838,51.09415071171547,1,1,1
P0014,12,5.346029821170204,209.77380290435246,16.318831992668358,0.49396894627500687,27.403357502488703,13,1.0,14.298438088595638,2.660150306726692,2.5649493574615367,13.538461538461538,手机,10.092875835454382,3.53973387678243,44.069156694588564,1,1,1
P0015,1,4.161969788659667,64.19785434112922,5.069105731848023,-0.305742447994378,23.128660035582122,38,1.0,49.54979579228103,3.902978139521915,3.6375861597263857,11.789473684210526,热水器,3.142845553745774,,-7.946089799133458,0,0,0
P0015,2,3.460326480971414,31.827365847935184,8.045670361294924,-0.10361430278615233,26.744362949255105,36,1.0,46.19447354087801,3.8328601706052954,3.58351893845611,8.055555555555555,热水器,4.988315624002853,5.069105731848023,16.47874238609273,0,0,0
P0015,3,3.9581156721675717,52.35857222121773,5.196029316056152,-0.19496244516453587,26.90458294519623,45,0.9333333333333333,21.907827368124924,3.086843987034893,3.8066624897703196,12.311111111111112,热水器,3.2215381759548145,8.045670361294924,11.47475694172793,0,0,0
P0015,4,3.5292470095982464,34.09828226629475,5.8574282429865665,-0.24559859500111375,30.482985245666104,31,0.967741935483871,24.060051376984354,3.1805528459135113,3.4339872044851463,14.32258064516129,热水器,3.631605510651671,5.196029316056152,33.8956054035106,0,0,0
P0015,5,3.1484670498913636,23.300318963332405,10.750781867397368,-0.15825354189885737,27.73634753502362,25,1.0,23.557719449598984,3.159453556542979,3.2188758248682006,15.92,热水器,6.665484757786368,5.8574282429865665,32.68382730087666,0,0,0
P0015,6,2.7261149223492525,15.273433129497374,13.478786532141044,-0.19780749556082916,29.278328262038546,32,1.0,22.03768656253339,3.092754013373164,3.4657359027997265,10.96875,热水器,8.356847649927447,10.750781867397368,61.76135858205334,0,0,0
P0015,7,3.408070492984182,30.206903560759972,-1.6222865502207604,-0.2851336100828457,30.234786756317625,44,0.3181818181818182,33.34368381483946,3.5068683635655327,3.784189633918261,14.5,热水器,-1.0058176611368714,13.478786532141044,-8.985154326032323,0,1,0
P0015,8,4.832445782625533,125.51757424911875,9.104804216082695,-0.08366850410557897,24.399335272232943,39,0.9743589743589743,40.20759208521087,3.6940558356346447,3.6635616461296463,13.0,热水器,5.64497861397127,-1.6222865502207604,-2.7030101428538584,0,1,0
P0015,9,4.225510212304391,68.40939796259795,14.559848504733896,-0.12135769671993586,25.99073785167203,25,1.0,18.812922992190956,2.934544026891054,3.2188758248682006,14.36,热水器,9.027106072935016,9.104804216082695,18.84809123432158,0,1,0
P0015,10,3.159100551847018,23.54940493162543,2.6184105511171425,-0.0726375340191146,29.374585695006914,63,0.8095238095238095,18.71744132284598,2.9294557802357795,4.143134726391533,13.841269841269842,热水器,1.6234145416926284,14.559848504733896,12.249901417276238,0,1,0
P0015,11,3.3277461927766394,27.875444972074973,4.018793900655739,-0.2700393227277754,29.519375122815067,42,0.9047619047619048,25.436119724998264,3.2361702003054797,3.7376696182833684,12.785714285714286,热水器,2.491652218406558,2.6184105511171425,19.38329604145567,0,1,0
P0015,12,4.671602113913201,106.86882137749467,5.27414437827246,-0.28809731041712067,21.73865627631726,42,0.9761904761904762,37.85350696539691,3.633723629895062,3.7376696182833684,10.261904761904763,热水器,3.2699695145289254,4.018793900655739,-15.598579172289293,0,1,0
P0016,1,4.934919822134645,139.0619923913852,10.19663705626101,0.14074861809371683,25.19231204802015,33,1.0,22.278307935228128,3.1036134667185338,3.4965075614664802,11.969696969696969,书籍,6.3219149748818255,,5.058545794267093,1,0,0
P0016,2,3.8303907516736495,46.08054076515252,8.90197709235367,0.2966774265374129,30.624109445983336,35,0.9714285714285714,33.820633531478975,3.5210710757455748,3.5553480614894135,38.285714285714285,书籍,5.519225797259275,10.19663705626101,52.77000173583439,1,0,0
P0016,3,4.854219428164437,128.28051996344263,3.963386747365228,0.11258145798812778,22.654684953254005,26,0.9230769230769231,44.07782407562892,3.7859568005506934,3.258096538021482,11.807692307692308,书籍,2.4572997833664414,8.90197709235367,-8.091363705396748,1,0,0
P0016,4,4.272793800344093,71.7217321741829,6.735270247942373,0.280355160040103,29.058328778346414,39,0.9743589743589743,25.681113665038602,3.2457558449000756,3.6635616461296463,20.0,书籍,4.175867553724271,3.963386747365228,29.380031168101883,1,0,0
P0016,5,4.183358782588772,65.58577202667513,7.9815074913455755,0.32951639924681375,26.020726774493937,49,0.9591836734693877,29.756968116312088,3.3930633269629005,3.8918202981106265,14.326530612244898,书籍,4.948534644634257,6.735270247942373,10.57161963312253,1,0,0
P0016,6,5.483187694003429,240.61248516928964,8.749779968971856,0.2416947719713448,21.37984157554376,52,0.9807692307692307,15.148564661733461,2.7179057856673188,3.9512437185814275,12.23076923076923,书籍,5.42486358076255,7.9815074913455755,-29.017516949111933,1,0,0
P0016,7,4.504546081457977,90.42728810877037,9.178949090766663,0.35441593629495494,29.12728457216092,45,0.9333333333333333,35.72186081597897,3.5757628491637155,3.8066624897703196,10.644444444444444,书籍,5.666148436275331,8.749779968971856,40.49534097302063,1,1,1
P0016,8,5.456886241377065,234.36652624359056,5.125710359688864,0.2314085640182176,23.832910990695314,52,0.9615384615384616,41.92916479968235,3.735981642064238,3.9512437185814275,14.23076923076923,书籍,3.1531404230070956,9.138949090766664,-4.39050204820653,1,1,1
P0016,9,4.97258103650624,144.3991061736274,2.0753528009995743,0.013831705931522414,23.253492837798163,46,0.8478260869565217,24.205088019783233,3.1865628598148428,3.828641396489095,14.521739130434783,书籍,1.261918736619736,5.085710359688864,-2.93644375316996,1,1,1
P0016,10,5.255163283541222,191.55276071407295,6.766690114273476,0.20527470637622264,23.751632682449234,32,0.96875,28.120087283038366,3.3364841708863797,3.4657359027997265,16.03125,书籍,4.170547870849555,2.0353528009995743,-6.353896539326834,1,1,1
P0016,11,4.462642352667205,86.71634179186873,11.990839496401957,0.08197616938006468,23.409683194774914,38,1.0,19.351973621620992,2.962794410223963,3.6375861597263857,12.736842105263158,书籍,7.409520487769214,6.726690114273476,-15.375106688273522,1,1,1
P0016,12,5.0976730064707665,163.64067311972622,9.154266859170963,0.42120580749825287,26.927904016676656,46,1.0,18.47527956072006,2.9164335985584846,3.828641396489095,13.826086956521738,书籍,5.6508454526859975,11.950839496401958,20.34023092136626,1,1,1
P0017,1,7.436471536758169,1696.75271679467,15.459844515881574,1.5126250013218507,30.711578450911954,39,1.0,18.77422443427073,2.9324848883693244,3.6635616461296463,12.384615384615385,水果,9.585103599846576,,92.99662042615992,0,0,0
P0017,2,7.315617955253695,1503.6006669424858,18.564574524595894,1.6743229841196137,27.197892061788487,46,1.0,14.835880520968718,2.69704860627655,3.828641396489095,11.021739130434783,水果,11.510036205249454,15.459844515881574,46.442614402647656,0,0,0
P0017,3,7.949213576952215,6388.41640413848,14.909076745537938,1.4946673448595769,19.72147730001101,34,1.0,23.508830912159308,3.1573761340573196,3.5263605246161616,16.58823529411765,水果,9.243627582233522,18.564574524595894,-74.16871069941755,0,0,0
P0017,4,7.949213576952215,9939.1504828805,13.79808020381932,1.4323868494043306,19.89819364801486,38,1.0,14.315602732358057,2.6613500426136065,3.6375861597263857,16.42105263157895,水果,8.554809726367978,14.909076745537938,-66.20345061800091,0,0,0
P0017,5,7.949213576952215,2889.474444586446,13.414294538769518,1.4980479449951476,24.72805385824571,46,1.0,16.68246857454089,2.814358382055855,3.828641396489095,11.934782608695652,水果,8.3168626140371,13.79808020381932,0.42712772584643166,0,0,0
P0017,6,7.949213576952215,4950.144113439638,7.735483630278497,1.2818923891583922,23.87834184924264,40,0.975,15.839807665769866,2.762526244000053,3.6888794541139363,16.675,水果,4.795999850772668,13.414294538769518,-6.326625971828948,0,0,0
P0017,7,7.949213576952215,3631.7249165016165,15.61112332800848,1.4121147902854183,24.832974125386595,72,1.0,27.173353049507508,3.302236825816785,4.276666119016055,13.055555555555555,水果,9.678896463365257,7.735483630278497,2.135000700975277,0,1,0
P0017,8,7.949213576952215,3487.13383306729,14.074296274436353,1.4148645302104572,24.040823259740712,40,0.975,21.414318296487473,3.0640597775691747,3.6888794541139363,17.075,水果,8.72606369015054,15.61112332800848,-9.224144054968248,0,1,0
P0017,9,7.949213576952215,4093.1414815604144,12.881279705914412,1.380263951413455,20.868132388312226,51,1.0,26.312675637827134,3.270050786492137,3.9318256327243257,13.509803921568627,水果,7.986393417666935,14.074296274436353,-49.310572222620024,0,1,0
P0017,10,7.949213576952215,3156.0569651370865,14.241399466455114,1.4782442802104148,24.671356904363392,51,0.9803921568627451,13.711342884815792,2.6182234380711433,3.9318256327243257,17.666666666666668,水果,8.82966766920217,12.881279705914412,-0.35398019925106383,0,1,0
P0017,11,7.269893742077812,1436.3978162799203,15.456922757312633,1.6916835899006575,30.153956855879727,59,1.0,15.506203499569613,2.741240169634912,4.07753744390572,20.915254237288135,水果,9.583292109533833,14.241399466455114,84.35993105728043,0,1,0
P0017,12,7.189989230950613,1326.0889248131964,18.558563906591335,1.6760044966341416,30.21394220024071,66,1.0,28.450249406506003,3.348156927019187,4.189654742026425,13.924242424242424,水果,11.506309622086627,15.456922757312633,102.40113700311248,0,1,0
P0018,1,3.865204367946298,47.713022448768925,9.800110824660285,-0.5351353087269686,29.76165088409619,36,1.0,32.78384171703452,3.489935763429573,3.58351893845611,15.916666666666666,水果,6.076068711289377,,49.641856347208375,1,0,0
P0018,2,5.125599622333012,168.27501286230796,7.3009155350093025,-0.7613125390649043,25.757812524636424,24,0.9583333333333334,19.117114229391447,2.95058396680713,3.1780538303479458,9.041666666666666,水果,4.526567631705768,9.800110824660285,7.750651223499955,1,0,0
P0018,3,6.466017507694165,642.9182049655099,5.024711158511535,-0.6202569020644777,16.715917373921044,24,0.9166666666666666,22.00874463899424,3.091439857973288,3.1780538303479458,15.0,水果,3.1153209182771517,7.3009155350093025,-40.09867857960276,1,0,0
P0018,4,5.295213199224342,199.38012912446823,-4.462725754139678,-0.6183240495818203,23.144467476962816,20,0.1,26.643768786700914,3.2825553066383706,2.995732273553991,11.05,水果,-2.7668899675666,5.024711158511535,6.925013021165498,1,0,0
P0018,5,5.219135988901636,184.77446789139105,-0.03357873048758094,-0.5515567583945078,24.146966794462827,25,0.36,22.69939713994702,3.1223383664231097,3.2188758248682006,21.52,水果,-0.020818812902300185,-4.462725754139678,0.018442977603365204,1,0,0
P0018,6,5.0422928227065835,154.82459372153477,3.883081786865546,-0.527724833750554,26.159880383553215,34,0.8235294117647058,20.076443150003055,2.9995471451694637,3.5263605246161616,11.588235294117647,水果,2.4075107078566385,-0.03357873048758094,5.68354162817396,1,0,0
P0018,7,4.4183002535070255,82.95516270906771,-0.18503111327334223,-0.9369299346009694,25.654202717514043,42,0.47619047619047616,56.51853270562289,4.008329516072456,3.7376696182833684,20.547619047619047,水果,-0.13951929022947218,3.883081786865546,-0.215577577771635,1,1,1
P0018,8,3.922418598985006,50.52249077331612,0.13459624372384726,-0.6903302867992158,28.627217928413,20,0.6,57.16863123694259,4.008329516072456,2.995732273553991,10.3,水果,0.05864967110878531,-0.22503111327334224,0.3718583360759834,1,1,1
P0018,9,4.735334431425071,113.90154460517645,3.3819690411374466,-0.43905142332269964,23.310525652493734,30,0.9,30.70508689632533,3.424428337815636,3.4011973816621555,15.166666666666666,水果,2.072020805505217,0.09459624372384727,-4.6309229517093,1,1,1
P0018,10,5.888082120528997,360.7128168435617,1.6870424145070724,-0.5447018412342384,18.309169847699323,29,0.8275862068965517,16.71890369471135,2.8165400370087226,3.367295829986474,12.137931034482758,水果,1.0211662969943849,3.3419690411374465,-10.519730352007828,1,1,1
P0018,11,4.785414000232209,119.75092973556606,7.04578122020076,-0.6775113716931493,25.094283668951213,29,0.9655172413793104,29.944017137447183,3.3993295429185277,3.367295829986474,13.241379310344827,水果,4.343584356524471,1.6470424145070723,2.788798667317685,1,1,1
P0018,12,5.120301741382001,167.3858692453212,-3.4058158252738178,-0.5093132387208588,24.780639768783477,16,0.3125,32.98107180694786,3.49593381529798,2.772588722239781,19.0625,水果,-2.136405811669767,7.00578122020076,-0.29092039959124455,1,1,1
P0019,1,6.342760816482253,568.3632940606329,1.2573392890830795,-0.29190380243491487,22.913474707556272,30,0.7,15.27729940552658,2.726368027641927,3.4011973816621555,21.2,洗发水,0.7795503592315093,,-2.2415064215587144,0,0,0
P0019,2,4.994165658218093,147.54978706029397,13.036922752739077,-0.36326023549901953,29.3704027300549,41,1.0,17.161698126770432,2.8426800476002585,3.713572066704308,12.365853658536585,洗发水,8.082892106698228,1.2573392890830795,60.93705537457391,0,0,0
P0019,3,4.465268114919068,86.94433748901758,7.96509053174599,-0.11933784546436937,30.200344681052282,39,0.9743589743589743,17.700434291631304,2.8735891755291307,3.6635616461296463,16.82051282051282,洗发水,4.938356129682514,13.036922752739077,43.84091015163049,0,0,0
P0019,4,4.985121009576831,146.22126812939817,7.294395960868515,-0.1423874325471,28.31293912783694,42,0.9761904761904762,24.536820857915867,3.2001748814983366,3.7376696182833684,16.261904761904763,洗发水,4.5225254957384795,7.96509053174599,26.38183521811828,0,0,0
P0019,5,5.047183237130543,155.58360457394681,9.683038394278125,-0.5173020168176174,26.26218384777403,27,1.0,12.083210438894808,2.4918169220066306,3.295836866004329,35.074074074074076,洗发水,6.003483804452437,7.294395960868515,15.163359506657686,0,0,0
P0019,6,5.70827006880983,301.34930354502677,4.633815653715255,-0.3945388342280976,21.11745290064358,27,0.8888888888888888,25.17007006545925,3.225655592832633,3.295836866004329,22.51851851851852,洗发水,2.8729657053034576,9.683038394278125,-16.583312816198156,0,0,0
P0019,7,4.843968976431783,126.97230304719669,8.2901517674603,-0.2873206280478431,29.627829700391608,30,1.0,19.440720149082136,2.967369843052026,3.4011973816621555,12.4,洗发水,5.139894095825386,4.633815653715255,40.88385404156502,0,1,0
P0019,8,4.917235524422104,136.62439583539376,3.5789463881841543,-0.33716468927089477,23.035640872845484,16,0.875,14.033452829893386,2.641443967178275,2.772588722239781,19.375,洗发水,2.2189467606741755,8.2901517674603,-5.943097262791825,0,1,0
P0019,9,4.4496611050611685,85.59793038081303,13.215041047291448,-0.5375798103161954,29.4616270629899,29,1.0,17.722446661791796,2.8748320091102197,3.367295829986474,18.0,洗发水,8.193325449320698,3.5789463881841543,62.97514744934005,0,1,0
P0019,10,4.670456711261799,106.74648362250628,-1.697555071784937,-0.4126540132201021,25.91704234327765,36,0.4722222222222222,27.156290968453842,3.3016087310842317,3.58351893845611,17.22222222222222,洗发水,-1.052484144506661,13.215041047291448,-2.0724256856934233,0,1,0
P0019,11,5.678827171471092,292.6060518747557,-3.2567642668916186,-0.10790399179113908,22.86589463308877,23,0.13043478260869565,39.17221245274123,3.6679676294306174,3.1354942159291497,13.782608695652174,洗发水,-2.0191938454728033,-1.697555071784937,5.960914222274552,0,1,0
P0019,12,5.008103113923482,149.62065346366842,1.174062778849886,-0.39396075352987636,27.62913687770705,31,0.7096774193548387,15.572072447189152,2.745479082138437,3.4339872044851463,19.516129032258064,洗发水,0.7279189228869294,-3.2567642668916186,3.4434372021939517,0,1,0
P0020,1,3.787611881768671,44.15083685876188,17.380052647449784,0.3104796531120153,30.792367998763893,10,1.0,41.153879140870814,3.717318190988019,2.302585092994046,8.2,平板,10.775632641418866,,105.95150140084982,1,0,0
P0020,2,4.097264329992139,60.17544206661053,2.9612465156607657,0.05482856389760543,28.80665911100788,9,1.0,20.92493853790736,3.0409416791147073,2.1972245773362196,16.0,平板,1.8359728397096746,17.380052647449784,12.172045344348847,1,0,0
P0020,3,4.385190907536265,80.2535427566706,8.380205098448032,0.28050223354272286,25.619819418459755,7,1.0,23.126669336155945,3.1409864683025424,1.997987392178877,10.571428571428571,平板,5.19572716103778,2.9612465156607657,7.740014387382055,1,0,0
P0020,4,5.691249564961927,296.26359004355595,-8.26482064992589,0.23979886926488245,18.248687203303444,10,0.0,21.637380774127106,3.074422410337042,2.302585092994046,23.7,平板,-5.124188802954051,8.380205098448032,53.287641218674175,1,0,0
P0020,5,4.18660644136504,65.79911848552678,11.420955447009819,0.4373162070094797,33.264974670340095,14,1.0,16.40843247330293,2.7977953778887765,2.6390573296152584,14.714285714285714,平板,7.080992377146088,-8.26482064992589,97.8634495938397,1,0,0
P0020,6,5.411559757550788,223.98067090985475,-5.535353901184807,0.3150514452560981,18.22773219117505,8,0.0,31.398049643285518,3.4467457777139368,2.0794415416798357,21.0,平板,-3.4319194187345805,11.420955447009819,35.80532838570205,1,0,0
P0020,7,4.954836209052207,141.85936918945737,14.65798255532975,0.4093616841519343,24.16765418082048,11,1.0,7.021288648403884,2.403916504521304,2.3978952727983707,28.0,平板,9.063149184304446,-5.535353901184807,-7.726458067874595,1,1,1
P0020,8,6.2075689505438945,496.49278444706,-0.8842128039254803,0.33207564379019744,14.319033564532987,6,0.3333333333333333,41.582468968003916,3.7276786594068922,1.997987392178877,8.833333333333334,平板,-0.5730119384337978,14.617982555329752,9.59072175323742,1,1,1
P0020,9,4.978050736556501,145.19108995426387,18.11749400823282,0.5344277103841797,24.24261877979481,12,1.0,30.230361229384002,3.4088467580876216,2.4849066497880004,15.666666666666666,平板,11.20804628510435,-0.9242128039254803,-8.199839958749235,1,1,1
P0020,10,6.559145424206568,705.6683897231644,12.173742349269666,0.6110903693998655,16.74296621078956,16,1.0,25.883271136078893,3.2535968579389816,2.772588722239781,10.6875,平板,7.522920256547193,18.077494008232822,-96.50264278993012,1,1,1
P0020,11,6.129827422681036,459.35687926037303,10.825371327806737,0.4658710919912794,12.81353417179271,7,1.0,40.92977818586354,3.711857871136183,1.997987392178877,7.428571428571429,平板,6.686930223240178,12.133742349269667,-128.15909945090078,1,1,1
P0020,12,5.69644692297311,297.80738634256977,-8.22482064992589,0.2501973225115589,19.65105909301397,11,0.0,40.300626267095254,3.696367008958324,2.3978952727983707,15.272727272727273,平板,-5.124188802954051,10.785371327806738,41.697289065719026,1,1,1
P0021,1,6.123309706873989,456.3726573866728,5.837595892511243,-0.24142224302993293,16.637132647686936,28,0.8928571428571429,46.60506861984546,3.8417093038829293,3.332204510175204,9.571428571428571,平板,3.6193094533569705,,-47.04565215356872,0,0,0
P0021,2,5.323250959234342,205.04940687246386,8.426516851557222,0.11136470394389644,26.247424792929152,23,1.0,20.6620805147525,3.0283001611746947,3.1354942159291497,10.695652173913043,平板,5.224440447965478,5.837595892511243,13.071315501419003,0,0,0
P0021,3,5.805103740932047,331.98963247104484,12.257614700000415,0.22493808180743546,24.133596280438088,27,0.9629629629629629,17.25337594950732,2.848007831547025,3.295836866004329,8.814814814814815,平板,7.599721114000257,8.426516851557222,-6.896334334798432,0,0,0
P0021,4,4.502511873215222,90.24352714133384,5.885651253179454,0.0775184164646281,28.918704985696944,42,0.9761904761904762,17.03428308771834,2.8352279655615598,3.7376696182833684,14.380952380952381,平板,3.6491037769712613,12.257614700000415,24.85211747385008,0,0,0
P0021,5,5.964351719856409,389.3005704183494,4.94019261606052,0.0023397460269322656,20.96195919575988,38,0.8947368421052632,20.76176362755995,3.0331130078473665,3.6375861597263857,12.894736842105264,平板,3.062919421957522,5.885651253179454,-18.447931201201506,0,0,0
P0021,6,5.161347478212169,174.39929660040178,10.261717330082641,0.032950635187422576,23.774477530726518,39,1.0,19.14010889570709,2.951786075439506,3.6635616461296463,14.820512820512821,平板,6.362264744651237,4.94019261606052,-9.45858495652498,0,0,0
P0021,7,5.2561305445204995,191.73813186167075,5.891035729692148,0.0940786752996729,24.107771997113083,66,0.9242424242424242,26.001414671896335,3.258150946998838,4.189654742026425,11.590909090909092,平板,3.6524421524091317,10.261717330082641,-3.4665247440929647,0,1,0
P0021,8,5.339708146814465,208.4518640698873,5.096091171537904,0.149179013605321,24.979799458689655,54,0.9444444444444444,17.026632191566765,2.8347787177232373,3.9889840465642745,10.351851851851851,平板,3.1595765263535007,5.891035729692148,1.445184376477899,0,1,0
P0021,9,4.161785947811328,64.18605323792123,6.400842631159638,0.10099523044973754,32.90133929737907,54,0.9814814814814815,23.621908861376202,3.1621746229727554,3.9889840465642745,12.944444444444445,平板,3.9685224313189758,5.096091171537904,52.51972461991572,0,1,0
P0021,10,4.330536762532419,75.98506155903337,17.700895759020053,0.29917233062735055,31.22274207544809,41,1.0,52.78620777337557,3.9662499401759246,3.713572066704308,14.170731707317072,平板,10.974555370592434,6.400842631159638,115.5254175294225,0,1,0
P0021,11,5.183543168202014,178.31348771638105,6.295963313019536,0.12580315797381858,30.135878417537725,50,0.98,27.353982823911537,3.3088621425404496,3.912023005428146,14.8,平板,3.9034972540721125,17.700895759020053,34.24793628584283,0,1,0
P0021,12,4.233665781752209,68.96959682387077,3.534068830443185,-0.025973808797467024,33.23674770864445,41,0.8292682926829268,21.49973455583182,3.0680405888170212,3.713572066704308,13.024390243902438,平板,2.1911226748747747,6.295963313019536,30.1828388461673,0,1,0
P0022,1,6.804163611338987,901.5933720142227,2.153880289535669,0.615817942985278,18.71791351755385,31,0.8709677419354839,14.277884158294215,2.6587117777467686,3.4339872044851463,13.870967741935484,衣服,1.3354057795121146,,-12.876540605313957,1,0,0
P0022,2,6.06028752670449,428.4986239458712,16.906039589989977,0.39230577334295863,19.689176478980325,22,1.0,34.15644131235186,3.5309511864546845,3.091042453358316,8.863636363636363,衣服,10.481744545793786,2.153880289535669,-84.6491512568964,1,0,0
P0022,3,5.668423185660996,289.57756415239436,7.968966526620002,0.5074891126862607,25.409190766203686,34,0.9117647058823529,42.481508851511364,3.74906889540627,3.5263605246161616,9.764705882352942,衣服,4.940759246504401,16.906039589989977,5.681698967965674,1,0,0
P0022,4,6.213037720479344,499.2154272276994,10.600028621164348,0.496503719814183,20.02357544835393,30,1.0,30.008804323923176,3.401490816070174,3.4011973816621555,10.966666666666667,衣服,6.572017745121896,7.968966526620002,-49.530087773513245,1,0,0
P0022,5,5.954257298192885,385.39057408401226,9.328753136628253,0.6094995572233401,22.491330344307002,59,1.0,17.729549211612415,2.8752326945859266,4.07753744390572,21.338983050847457,衣服,5.783826944709516,10.600028621164348,-20.568802460886975,1,0,0
P0022,6,6.794319931450257,892.7619138065501,14.184111916540157,0.6579008655138825,21.02173485034947,34,1.0,23.950510679826085,3.1759896463780772,3.5263605246161616,19.264705882352942,衣服,8.794149388254898,9.328753136628253,-52.11920394331156,1,0,0
P0022,7,6.0352449977340346,417.9011819399523,7.024719190763747,0.5376561956948716,25.35182863479599,32,1.0,27.77530328640129,3.324147254868464,3.4657359027997265,10.9375,衣服,4.330525898273523,14.184111916540157,4.5792937486225185,1,1,1
P0022,8,5.627894303884389,278.0759572487784,14.445159440775258,0.6006038980017192,25.69948794035343,42,1.0,29.396846787461236,3.3808874164655465,3.7376696182833684,14.071428571428571,衣服,8.93119885328066,6.984719190763747,14.452340928566294,1,1,1
P0022,9,5.361104348957326,212.95999878836935,13.121992106006529,0.6451315794060921,27.328564426081233,28,1.0,30.676480665082224,3.4234962588723765,3.332204510175204,10.535714285714286,衣服,8.110835105724048,14.40515944077526,34.436405525482485,1,1,1
P0022,10,4.831744408719714,125.42957036324086,10.581492237155079,0.46084250805229987,26.194536540610713,30,1.0,29.273721184617653,3.3766902256814135,3.4011973816621555,20.0,衣服,6.5357251870361495,13.08199210600653,15.794569960211124,1,1,1
P0022,11,5.31329902511354,203.01888923133663,7.916961997687928,0.8940463273406147,27.485890115777643,36,1.0,34.479430395345666,3.540362925802474,3.58351893845611,13.166666666666666,衣服,4.883716438566515,10.54149223715508,21.974183606856688,1,1,1
P0022,12,6.200624690212975,493.05695276136964,8.515463893744126,0.6330570982539444,23.789630194986866,39,1.0,13.420368197183977,2.5967735676190244,3.6635616461296463,12.666666666666666,衣服,5.2547876141213585,7.876961997687928,-7.683706624092957,1,1,1
P0023,1,3.153908636674821,23.42745526895594,-0.5418938663842837,-0.4483414087007727,22.344727544926595,29,0.3793103448275862,36.98907401224435,3.610622572069121,3.367295829986474,14.241379310344827,计算机,-0.3359741971582559,,1.2742553399838015,0,0,0
P0023,2,3.3294196739055937,27.92213305811643,0.20791845158172262,-0.5209770239093809,29.529594462178853,57,0.47368421052631576,20.232147706161594,3.007272809961892,4.04305126783455,13.31578947368421,计算机,0.12890943998066803,-0.5418938663842837,1.0049492681809065,0,0,0
P0023,3,3.2873969248381574,26.77308052900953,4.566886895134796,-0.6800653176614734,25.77479902579449,33,1.0,14.15238395889526,2.649883087558922,3.4965075614664802,8.515151515151516,计算机,2.8314698749835734,0.20791845158172262,4.925782114246691,0,0,0
P0023,4,3.7529300611068153,42.645854074285126,-0.1622520072712757,-0.7211216609778133,24.083061824318253,37,0.4864864864864865,25.6754100881983,3.245533727963534,3.6109179126442243,15.972972972972974,计算机,-0.10059624450819094,4.566886895134796,0.09948494763101481,0,0,0
P0023,5,2.7437859344475632,15.545728936703402,8.030949460406955,-0.5605228941289974,28.493491915698325,44,1.0,48.90343549532804,3.889847649541203,3.784189633918261,19.522727272727273,计算机,4.979188665452312,-0.1622520072712757,30.4957580973561,0,0,0
P0023,6,4.514287660211893,91.31249732463276,-0.6070378391105647,-0.6227719703485864,21.230883984460785,47,0.46808510638297873,22.74999959101396,3.124565127419551,3.8501476017100584,12.76595744680851,计算机,-0.37636346024855016,8.030949460406955,2.103585607742099,0,0,0
P0023,7,3.802739920545291,44.823830130016034,3.4655509110526967,-0.3016933699869321,22.818415776120773,31,1.0,23.570476638675533,3.1599949390038837,3.4339872044851463,25.387096774193548,计算机,2.1486415648526718,-0.6070378391105647,-6.507600568880185,0,1,0
P0023,8,4.425835403736529,83.5826032831284,5.409056206680126,-0.42372206146418484,24.76079764539366,58,0.9482758620689655,28.434929956116967,3.347618317457574,4.060443010546419,18.137931034482758,计算机,3.353614848141678,3.4655509110526967,0.34934402340734494,0,1,0
P0023,9,3.340472305047038,28.232457889319484,5.967924475100982,-0.45761716360462024,23.68861294427103,70,0.9857142857142858,32.99835899281742,3.4964578327396465,4.248495242049359,15.357142857142858,计算机,3.700113174562609,5.409056206680126,-6.013278775879318,0,1,0
P0023,10,3.1843511822309263,24.15161332538231,10.606688446386622,-0.4628213347458364,27.39917678739961,41,1.0,15.820921580540771,2.761333214785707,3.713572066704308,14.512195121951219,计算机,6.576146836759706,5.967924475100982,28.669498787594858,0,1,0
P0023,11,3.405760266680969,30.137199324896667,4.780306741106624,-0.3720368606988477,26.88914558134207,54,0.9444444444444444,18.780191903433256,2.9328026922280817,3.9889840465642745,14.87037037037037,计算机,2.963790179486107,10.606688446386622,10.482892209894358,0,1,0
P0023,12,4.314659807819344,74.78817676286712,10.002510618353499,-0.3344837121067763,21.479529099135824,46,1.0,14.548484272346787,2.677486814469172,3.828641396489095,13.891304347826088,计算机,6.201556583379169,4.780306741106624,-32.174911090074644,0,1,0
P0024,1,6.013314547415293,408.8361838866139,8.741760144523713,0.6250475032099865,22.92881155394802,43,1.0,11.802325889998826,2.4682966213700634,3.7612001156935624,14.232558139534884,衣服,5.419891289604702,,-15.450196213238959,1,0,0
P0024,2,5.373744654342844,215.66896320756217,16.373438118860854,0.5318822662025314,28.913230675380895,20,1.0,19.42824331189955,2.9667278481800174,2.995732273553991,14.15,衣服,10.151531633693729,8.741760144523713,69.04708414848265,1,0,0
P0024,3,6.060448904521816,428.567779698483,5.130332864011765,0.7712075147811903,21.846658313539766,29,0.9310344827586207,46.71199699516371,3.8440010266543743,3.367295829986474,16.379310344827587,衣服,3.1808063756872946,16.373438118860854,-14.61916211480932,1,0,0
P0024,4,5.165400017540918,175.1074906316364,4.951246057228991,0.5859694002816122,31.469876448216905,36,0.8888888888888888,20.637558243303125,3.0271126314495627,3.58351893845611,15.86111111111111,衣服,3.069772555481974,5.130332864011765,33.53807631416331,1,0,0
P0024,5,6.3567721245784545,576.3828583800529,4.727291029770463,0.42421740712492517,18.407283112341975,19,1.0,21.439253612401835,3.0652235227422278,2.9444389791664403,15.789473684210526,衣服,2.930920438457687,4.951246057228991,-29.729600056325836,1,0,0
P0024,6,5.685642427662498,294.6070479868734,15.31263930555182,0.4785952354785035,23.30820287440396,31,1.0,25.595094046378996,3.2424006943071326,3.4339872044851463,11.419354838709678,衣服,9.493836369442128,4.727291029770463,-21.25409261254208,1,0,0
P0024,7,5.932710719239948,377.1755463435918,3.246781806455322,0.44098989997346116,22.623708312584874,23,0.8260869565217391,25.297437051884927,3.230703088305012,3.1354942159291497,17.08695652173913,衣服,1.9882047200022996,15.31263930555182,-6.646069112188486,1,1,1
P0024,8,4.409163080055586,82.20063935354814,8.737646719945822,0.3906738364108131,32.42792501590917,24,0.9583333333333334,54.21232506344711,3.992908282288805,3.1780538303479458,14.208333333333334,衣服,5.39254096636641,3.206781806455322,67.24770294528066,1,1,1
P0024,9,4.887248905879381,132.5883089251418,4.361924559692179,0.4263464258200972,29.22675001958838,38,0.9210526315789473,35.492073115393296,3.5693093790237502,3.6375861597263857,14.789473684210526,衣服,2.6795932270091507,8.697646719945823,19.58064084864841,1,1,1
P0024,10,6.573136799027399,715.6110542396918,4.461578722950248,0.535695320850944,20.332959597225578,21,0.9047619047619048,17.07201694854764,2.8374406873276277,3.044522437723423,17.238095238095237,衣服,2.741378808229154,4.321924559692179,-19.292466735751145,1,1,1
P0024,11,6.14856974297048,468.04747962901945,18.90439189199987,0.622352678592022,26.926881636055093,37,1.0,29.154393468706992,3.3726056207776303,3.6109179126442243,13.91891891891892,衣服,11.69592297303992,4.421578722950248,42.080214468618856,1,1,1
P0024,12,4.728908290489178,113.17194399565344,16.00122937348665,0.47981935601150194,29.244934575624324,33,1.0,26.266480380202893,3.268293616046319,3.4965075614664802,16.272727272727273,衣服,9.895962211561724,18.864391891999873,72.60319446320943,1,1,1
P0025,1,5.070430579640409,159.24287932541176,2.4861729307861093,-0.5856893856183768,20.189582874109878,51,0.8431372549019608,21.75923075766477,3.0800380701526144,3.9318256327243257,15.882352941176471,酒店,1.5414272170873877,,-11.204260887470305,0,0,0
P0025,2,4.649866587881794,104.5710336033577,2.4159321633826107,-0.15084732914643206,22.53725751746924,41,0.7560975609756098,28.7227508121067,3.357689519959209,3.713572066704308,14.073170731707316,酒店,1.4978779412972187,2.4861729307861093,-5.215889075548256,0,0,0
P0025,3,4.426083790193771,83.60336664840762,3.165721847267804,-0.006614820646898112,26.597589331231575,37,0.8108108108108109,27.37189818115633,3.309516873265867,3.6109179126442243,12.45945945945946,酒店,1.9627475453060383,2.4159321633826107,6.01922978933138,0,0,0
P0025,4,6.129351932817576,459.13851164048333,13.373431081308961,-0.14621044782236492,18.690968498333707,46,1.0,21.815988967867515,3.082643139853185,3.828641396489095,13.826086956521738,酒店,8.291527270411557,3.165721847267804,-80.31071840993215,0,0,0
P0025,5,5.154871884226914,173.27360625477738,2.2781023244401464,-0.31291114332351977,23.16549961044986,42,0.7619047619047619,23.494598851092427,3.156770558610017,3.7376696182833684,20.285714285714285,酒店,1.4124234411528906,13.373431081308961,-3.4871208689213558,0,0,0
P0025,6,3.975680440530377,53.28636277370593,3.0923046910234815,-0.6697535765050975,27.10263434832229,61,0.9016393442622951,37.670501632762665,3.6288773381207986,4.110873864173311,16.75409836065574,酒店,1.9172289084345584,2.2781023244401464,7.441389193894158,0,0,0
P0025,7,4.437129017103376,84.53190331264706,3.1644858350903293,-0.2846578864985492,26.870114676916298,38,0.868421052631579,22.34604963776754,3.1066495554494282,3.6375861597263857,18.5,酒店,1.961981217756004,3.0923046910234815,6.879282260686804,0,1,0
P0025,8,5.585454102325093,266.5212831984783,1.4478309133748395,-0.23623669551866028,18.46928223628672,48,0.6666666666666666,33.329494849958444,3.5064427361879464,3.871201010907891,13.5,酒店,0.8976551662924005,3.1644858350903293,-9.015542307397357,0,1,0
P0025,9,4.7465691273090265,115.18840904939756,7.262419034866993,-0.20558819863321975,22.32761936349418,24,1.0,14.631809457610645,2.6831978886972294,3.1780538303479458,11.958333333333334,酒店,4.502699801617536,1.4478309133748395,-17.201716764065527,0,1,0
P0025,10,3.7604438831631555,42.96749429367791,5.2677970376165275,-0.3539590452477116,30.050676462500792,50,0.92,12.941834162407858,2.560465022645377,3.912023005428146,16.18,酒店,3.266034163322247,7.262419034866993,28.206228758730187,0,1,0
P0025,11,4.64525490643103,104.08989558775363,9.053806085080348,-0.31377051730619193,24.318928806073256,46,0.9782608695652174,26.891554057791428,3.2918122617603647,3.828641396489095,20.391304347826086,酒店,5.613359772749815,5.2677970376165275,-3.4158545054917946,0,1,0
P0025,12,4.832180162654066,125.48423870211764,9.262932420817503,-0.2720645066865935,25.084795277948754,33,1.0,28.287155820904513,3.342407843705945,3.4965075614664802,10.151515151515152,酒店,5.743018100906852,9.053806085080348,3.599414884971274,0,1,0
P0026,1,4.574843461495776,97.0128517015593,3.9312933699327233,0.28965059606798593,22.011863415426085,11,1.0,24.938469041207657,3.2164115526903934,2.3978952727983707,18.09090909090909,洗发水,2.4374018893582883,,-10.552964237108094,1,0,0
P0026,2,4.553178926880786,94.93371648609128,3.8840601867951254,0.46090242044915253,22.64703190971717,11,0.8181818181818182,17.641467075665883,2.870252214675171,2.3978952727983707,17.818181818181817,洗发水,2.408117315812978,3.9312933699327233,-7.959141218861487,1,0,0
P0026,3,4.409074755305424,82.19337932323901,19.01132744645641,0.4304593363141636,21.596282478927268,14,1.0,22.385085524760836,3.108394912313767,2.6390573296152584,26.142857142857142,洗发水,11.787023016802973,3.8840601867951254,-58.93378700490571,1,0,0
P0026,4,5.390357362114006,219.28173453785885,18.12716587443894,0.16355041309592422,16.76822923086757,12,1.0,20.013606036494227,2.996412344078313,2.4849066497880004,15.083333333333334,洗发水,11.238842842152144,19.01132744645641,-143.71186997495195,1,0,0
P0026,5,5.8515101258240945,347.75914421361665,-7.560412668871829,0.3247526504261235,13.446379495156968,8,0.125,23.999846647467493,3.178047440638677,2.0794415416798357,15.75,洗发水,-4.687455854700534,18.12716587443894,85.05338089241623,1,0,0
P0026,6,5.503751720457952,245.61167221718148,13.64365906435245,0.2582253944576494,16.07983951892108,17,1.0,37.51038072091784,3.6246177138934685,2.833213344056216,16.352941176470587,洗发水,8.459068619898519,-7.560412668871829,-117.5588569852227,1,0,0
P0026,7,4.2637831666861485,71.07837679298487,-5.730520620644596,0.2839957120685165,23.342473721840566,16,0.0625,40.46008816053471,3.7003160106926063,2.772588722239781,19.8125,洗发水,-3.57772278479965,13.64365906435245,7.811778236459756,1,1,1
P0026,8,3.634563131360724,37.88529838257835,11.198645155084789,0.48386094509796246,26.76517880965137,16,1.0,19.191378265988625,2.954461129534774,2.772588722239781,11.5,洗发水,6.918359996152569,-5.7705206206445965,23.086859529503684,1,1,1
P0026,9,4.500021863909623,90.01909944846074,7.826661412099141,0.4952746145518301,23.76134748165741,14,1.0,37.41003002850848,3.621938851046407,2.6390573296152584,17.214285714285715,洗发水,4.827730075501467,11.15864515508479,-7.279478311286806,1,1,1
P0026,10,2.6278499887652362,13.843973184089135,12.740184087280507,0.4139045090269866,33.7721244726685,23,1.0,18.46498954721013,2.915876482217723,3.1354942159291497,10.130434782608695,洗发水,7.874114134113915,7.786661412099141,115.26575126755613,1,1,1
P0026,11,4.789138383016432,120.19775960290161,7.004776058710775,0.4884218410155544,21.73266490027415,22,1.0,28.68922352579672,3.356521565346678,3.091042453358316,10.181818181818182,洗发水,4.31816115640068,12.700184087280508,-20.640446218855207,1,1,1
P0026,12,5.2844622896526605,197.24809258725944,6.647245156300922,0.3301142621407978,18.849738672515596,12,1.0,23.936532872104497,3.1754058639149396,2.4849066497880004,14.666666666666666,洗发水,4.096491996906572,6.9647760587107745,-38.62908668201891,1,1,1
P0027,1,4.249500611906767,70.07041127877645,6.028563858828067,-0.24910386562845832,29.31918087812119,9,1.0,50.42604297762347,3.9205077673670434,2.1972245773362196,12.555555555555555,手机,3.737709592473401,,27.869859351324642,0,0,0
P0027,2,5.7178810167290015,304.259518567963,3.075446294146793,-0.12007829992723656,21.087396052200788,12,0.8333333333333334,23.502440795555398,3.157104279397314,2.4849066497880004,19.75,手机,1.9067767023710116,6.028563858828067,-11.098721544843103,0,0,0
P0027,3,5.605551306880193,271.9318019899053,7.338540677135849,-0.18708260394225262,21.022803255953026,14,1.0,18.391181172176125,2.9118712656007304,2.6390573296152584,20.071428571428573,手机,4.549895219824227,3.075446294146793,-26.95746405411796,0,0,0
P0027,4,5.112945874152465,166.15911845451697,10.405117660173342,0.0865977541070343,26.350821709272257,10,1.0,22.695827392926248,3.1221810923016635,2.302585092994046,21.4,手机,6.451172949307472,7.338540677135849,17.216402238047962,0,0,0
P0027,5,4.313180904660226,74.67765403833528,20.101213154672664,0.03346337570662729,31.274583104484197,11,1.0,27.21741597636584,3.303857061650433,2.3978952727983707,10.090909090909092,手机,12.462752155897052,10.405117660173342,132.23322728536704,0,0,0
P0027,6,6.449593334759344,632.4450470920748,-3.91484866280754,-0.0035249615181075777,15.938734622123196,9,0.4444444444444444,16.966410983303255,2.8312355650284475,2.1972245773362196,10.444444444444445,手机,-2.427206170940675,20.101213154672664,34.28420103610941,0,0,0
P0027,7,6.599178176603002,734.4913189877723,7.259864744181068,-0.08466233203283216,17.001037500573894,15,1.0,24.73216979969164,3.20810481725951,2.70805020110221,10.066666666666666,手机,4.501116141392262,-3.91484866280754,-55.865930561976704,0,1,0
P0027,8,6.05584457695171,426.5990490731684,2.4021328233026726,-0.09501489981992475,17.98063515954708,10,0.9,49.46778644651385,3.9013216788678613,2.302585092994046,23.6,手机,1.489322350447657,7.259864744181068,-16.131709049207647,0,1,0
P0027,9,5.9129085777604224,369.7801270409788,2.309285386736132,0.03564009729753083,19.852958892505242,9,0.7777777777777778,32.24363010408765,3.4733205075805764,2.1972245773362196,7.888888888888889,手机,1.4317569397764018,2.4021328233026726,-11.184455061025567,0,1,0
P0027,10,5.1309212791275645,169.17290173705652,5.960147687573854,0.280338623547357,26.64262456822534,14,1.0,29.178321939462936,3.373426034225921,2.6390573296152584,13.642857142857142,手机,3.6952915662957895,2.309285386736132,11.600902662301827,0,1,0
P0027,11,4.1648911555288,64.38567403741276,9.644702224384272,0.06584382912417035,34.44005946912322,12,1.0,16.520088158284363,2.8045771045364845,2.4849066497880004,17.0,手机,5.9797153791182485,5.960147687573854,93.97650136364949,0,1,0
P0027,12,5.926931339084908,375.0019924232295,9.030373895660299,0.11218705706048693,24.24664184361217,18,1.0,14.899058948980025,2.701298053170301,2.8903717578961645,12.166666666666666,手机,5.598831815309385,9.644702224384272,-4.059792218464669,0,1,0
P0028,1,3.574236931178205,35.667393752788186,4.575318813399986,-0.22383285904301456,32.23564650430892,16,0.9375,34.11148220243228,3.529634049090469,2.772588722239781,25.125,酒店,2.8366976643079913,,34.495313685603094,1,0,0
P0028,2,4.42568051667324,83.56965842168552,14.474470169578721,0.06905626563685746,24.521980807616583,16,1.0,15.246052233439814,2.7243205996024416,2.772588722239781,9.9375,酒店,8.974171505138807,4.575318813399986,-2.5219131951711815,1,0,0
P0028,3,4.227456126169351,68.54264636149405,-1.031813319656983,-0.18883463097333458,26.799381832121785,19,0.47368421052631576,38.9506064527344,3.6622943422272374,2.9444389791664403,15.526315789473685,酒店,-0.6397242581873295,14.474470169578721,-2.1700780048320927,1,0,0
P0028,4,5.004505075007591,149.08327985519415,4.170103771033988,0.11422981968302243,19.9211553072598,23,0.8260869565217391,38.89469785890402,3.660857939506802,3.1354942159291497,10.521739130434783,酒店,2.5854643380410725,-1.031813319656983,-19.912484513743674,1,0,0
P0028,5,4.1863337292772655,65.78117671713063,0.13643467779066873,-0.08185096409671296,28.40040685575758,21,0.6666666666666666,24.73665841014507,3.208286289537232,3.044522437723423,11.238095238095237,酒店,0.08458950023021461,4.170103771033988,0.5053805468011944,1,0,0
P0028,6,2.642638873023126,14.050231507176662,-2.431434903840973,-0.029932706785330755,37.88789080866603,22,0.45454545454545453,32.404971233715415,3.478311844167988,3.091042453358316,14.954545454545455,酒店,-1.5074896403814033,0.13643467779066873,-32.0747067840891,1,0,0
P0028,7,4.858789221769538,128.86807694780913,5.98318391776059,0.02033609655864531,25.555311877293555,15,1.0,23.043901365394866,3.1374011515882314,2.70805020110221,7.533333333333333,酒店,3.6847740290115656,-2.431434903840973,5.105784879755971,1,1,1
P0028,8,3.6185090830313578,37.281942085601,-5.472856777441284,-0.06372346467572097,37.1372762580246,22,0.09090909090909091,22.140028355872687,3.097387208032728,3.091042453358316,5.636363636363637,酒店,-3.417971202013596,5.94318391776059,-68.5858019862316,1,1,1
P0028,9,4.6062399799459195,100.10703663914947,12.472857106763009,0.08728605952695585,27.36290378780375,16,1.0,25.985898133416956,3.25755401139656,2.772588722239781,11.125,酒店,7.7083714061930655,-5.512856777441284,33.154590216353654,1,1,1
P0028,10,5.211220662381994,183.31769068503857,0.820551286292481,-0.2575177680740601,24.932108564328257,20,0.7,15.68447859980954,2.752671599127064,2.995732273553991,11.95,酒店,0.4839417975013382,12.43285710676301,0.18412888146966025,1,1,1
P0028,11,5.438318741983255,230.0550761970818,6.534372244683538,-0.018072437644211056,19.07733381007587,20,0.95,41.917467762631425,3.735702631762468,2.995732273553991,11.15,酒店,4.026510791703793,0.7805512862924809,-36.49109060028578,1,1,1
P0028,12,5.592904880746502,268.5144904761498,5.146976099478103,-0.11992305928499102,20.287951227085664,26,1.0,24.277412090271067,3.1895463744426857,3.258096538021482,13.884615384615385,酒店,3.1663251816764237,6.494372244683538,-22.512885582416587,1,1,1
P0029,1,5.3949450976975575,220.29005233340465,10.852654434514006,0.29378743594286416,19.699360023400352,32,1.0,25.286425606675483,3.2302677144602856,3.4657359027997265,19.46875,书籍,6.728645749398684,,-54.22911450927147,0,0,0
P0029,2,4.274091778460843,71.81488585568204,10.736081849023623,0.2814279745093636,24.359141507909545,26,0.9615384615384616,16.335803387780018,2.793359225832009,3.258096538021482,11.5,书籍,6.656370746394646,10.852654434514006,-3.618823066320829,0,0,0
P0029,3,5.144295668426556,171.4506840041616,7.248768599759985,0.5448503784099415,21.344011281485855,29,0.9655172413793104,29.844832812705416,3.3960117197521975,3.367295829986474,20.137931034482758,书籍,4.4942365318511905,10.736081849023623,-24.299331814831923,0,0,0
P0029,4,4.353948804715022,77.78501510397672,10.616166167286936,0.5840934972744984,27.537362431868466,37,1.0,22.675222084457058,3.121272790196106,3.6109179126442243,15.162162162162161,书籍,6.5820230237179,7.248768599759985,30.16211849117615,0,0,0
P0029,5,4.236317317424639,69.15271483484517,10.547795197093881,0.6342257833299687,24.78433524235152,30,1.0,33.60846799132725,3.5147780587679645,3.4011973816621555,41.5,书籍,6.539633022198206,10.616166167286936,0.929499355133665,0,0,0
P0029,6,5.428215804499306,227.74254549081635,3.833598103196954,0.3214784411242264,20.535186935048078,29,0.896551724137931,29.055009082136955,3.369190898111324,3.367295829986474,10.862068965517242,书籍,2.3768308239821114,10.547795197093881,-15.951700179604398,0,0,0
P0029,7,3.0721624728569816,21.588536859230743,8.406105476935016,0.26072431200291946,29.806520603944705,30,1.0,29.475149879818296,3.383547531391619,3.4011973816621555,14.3,书籍,5.21178539569971,3.833598103196954,42.95778791858731,0,1,0
P0029,8,4.012294722307765,55.27356262350338,17.122822479349878,0.298372396545463,27.872594935039135,21,1.0,23.85298251140631,3.171909262405043,3.044522437723423,26.714285714285715,书籍,10.616149937196925,8.406105476935016,54.3886304782914,0,1,0
P0029,9,4.459020952132861,86.40287512213084,-1.3084762265447727,0.23187371119256883,20.033181825680188,22,0.4090909090909091,42.39185083040213,3.7469561463694494,3.091042453358316,16.136363636363637,书籍,-0.8112552604577591,17.122822479349878,6.101464940204549,0,1,0
P0029,10,3.5740999447014157,35.662508136821025,9.868892042976894,0.5856592053634161,30.2663322099932,34,1.0,21.740063837302873,3.0791568180872284,3.5263605246161616,20.705882352941178,书籍,6.118713066645674,-1.3084762265447727,54.970908883589345,0,1,0
P0029,11,6.083799338644265,438.692774877606,5.769282571554542,0.40947924172894035,19.62369127190723,39,1.0,22.147854288287494,3.097740619938153,3.6635616461296463,14.64102564102564,书籍,3.576955194363816,9.868892042976894,-29.26480901704994,0,1,0
P0029,12,4.057476612746285,57.82820386141289,7.847153763635153,0.4991486038250253,26.86300891884634,41,1.0,35.73987953780569,3.5762671392109318,3.713572066704308,13.731707317073171,书籍,4.8652353334537946,5.769282571554542,17.003183718383656,0,1,0
P0030,1,5.007308726151909,149.501843842885,14.726572761086707,-0.5725464801142544,30.358936768671988,25,1.0,13.89985077114376,2.631878104190078,3.2188758248682006,14.96,洗发水,9.130475111873759,,83.39251917672293,1,0,0
P0030,2,5.728711090273292,307.57257949486944,8.632341647245395,-0.3012724918808352,23.734827152548224,13,0.9230769230769231,18.677518814241175,2.927320598188483,2.5649493574615367,10.307692307692308,洗发水,5.352051821292145,14.726572761086707,-8.299007824194273,1,0,0
P0030,3,4.982308741072444,145.81063234205027,20.220828744772753,-0.588648702167397,27.19554551463669,18,1.0,32.8063899916967,3.490623313235787,2.8903717578961645,30.61111111111111,洗发水,12.536913821759107,8.632341647245395,50.53858240476834,1,0,0
P0030,4,6.056759315905333,426.9894543731792,0.022345867203676744,-0.49223314481590946,23.59546950624914,17,0.5882352941176471,41.58629990323327,3.727770783777231,2.833213344056216,22.88235294117647,洗发水,0.01385443766627958,20.220828744772753,-0.024597059482653807,1,0,0
P0030,5,5.772973457894823,321.49225651406766,-2.36887989349948,-0.6633617440301521,25.238671002957872,13,0.23076923076923078,16.985860624490577,2.832381270007456,2.5649493574615367,19.307692307692307,洗发水,-1.4687055339696775,0.022345867203676744,-1.2850187524827383,1,0,0
P0030,6,5.37297459784699,215.50294984952603,2.823925256599557,-0.3424318469262727,25.666194966863127,28,0.8214285714285714,21.199142528400028,3.0539607340863903,3.332204510175204,13.25,洗发水,1.7508336590917255,-2.36887989349948,2.739157643034172,1,0,0
P0030,7,4.153124852956728,63.63253225154236,0.8517737287904352,-0.44372478375854113,34.696067102102134,22,0.5909090909090909,20.5002352748277,3.0204363628993676,3.091042453358316,14.227272727272727,洗发水,0.5032997118500698,2.823925256599557,8.117619158938577,1,1,1
P0030,8,5.554876012710417,258.4949124500245,7.030389193333409,-0.43056574580646745,24.335036492181406,20,1.0,23.528434807525034,3.1582096815095726,2.995732273553991,15.2,洗发水,4.334041299866714,0.8117737287904352,-2.52476171249768,1,1,1
P0030,9,4.19085892724467,66.07952409566481,-8.22482064992589,-0.27450573690656954,36.20064135450936,16,0.0,24.782374122341253,3.2101326796157887,2.772588722239781,13.9375,洗发水,-5.124188802954051,6.990389193333409,-95.08204015673526,1,1,1
P0030,10,5.754531194209473,315.6175495009525,1.633213916182209,-0.31704251910825615,23.338330761595955,12,0.8333333333333334,15.046989531063877,2.711177940027438,2.4849066497880004,10.333333333333334,洗发水,0.9877926280329695,-8.26482064992589,-2.16339627600833,1,1,1
P0030,11,7.044760279072367,1146.833882778955,-0.26908374856572315,-0.10573591659394577,15.715848178385631,20,0.5,25.53494732555878,3.2400479972644574,2.995732273553991,14.45,洗发水,-0.19163192411074834,1.593213916182209,2.77568470561802,1,1,1
P0030,12,6.672540215696351,790.4008451456845,1.8947270497682465,-0.2357082240346912,18.969545028489307,18,0.6666666666666666,27.16025724029958,3.301754773937969,2.8903717578961645,16.88888888888889,洗发水,1.1499307708563127,-0.3090837485657231,-10.621405290111575,1,1,1
P0031,1,3.4614859704853127,31.864290747771093,15.019354457821896,-0.24363753020874684,30.738310192528495,19,1.0,14.458990246977827,2.6713163835162526,2.9444389791664403,11.421052631578947,书籍,9.311999763849576,,90.7484050854026,0,0,0
P0031,2,3.403979737961353,30.083586919347667,11.249304371072727,-0.32659501463362206,31.279608615791386,18,1.0,16.557952499438816,2.8068664999746575,2.8903717578961645,11.11111111111111,书籍,6.974568710065091,15.019354457821896,74.0586253331231,0,0,0
P0031,3,4.4770505235952776,87.97481000830679,11.65272962907532,0.0016679697834176277,23.871245562816345,43,0.9767441860465116,17.185287113002648,2.8440536173488877,3.7612001156935624,10.953488372093023,书籍,7.224692370026699,11.249304371072727,-9.613118089766157,0,0,0
P0031,4,4.967080469705801,143.60700973104673,5.183655884345438,-0.4058701559147754,19.424521250759053,24,0.9583333333333334,28.811582440371588,3.360777474362456,3.1780538303479458,12.25,书籍,3.213866648294171,11.65272962907532,-27.326633995298305,0,0,0
P0031,5,3.2703268478075214,26.319940552409793,16.742174438484696,-0.2995155950306998,30.296327269314357,26,1.0,22.737471892538636,3.124014307671454,3.258096538021482,16.192307692307693,书籍,10.380148151860512,5.183655884345438,93.75809630630175,0,0,0
P0031,6,4.17609311923589,65.11097483337893,12.686678994091306,-0.13383965329374112,24.902302632795802,22,1.0,24.185177645410345,3.1857399515202607,3.091042453358316,12.363636363636363,书籍,7.8657409763366095,16.742174438484696,2.6145978149861837,0,0,0
P0031,7,4.553768837794501,94.98973544299844,1.7025803104294728,-0.36558051458689433,23.66376723742802,30,0.7333333333333333,30.054340738773462,3.403007101090788,3.4011973816621555,17.866666666666667,书籍,1.0555997924662732,12.686678994091306,-1.7578211828116472,0,1,0
P0031,8,3.700543178793037,40.46928044596287,2.4830955340883545,-0.3717180576636986,28.208283876438188,18,0.7777777777777778,16.20892084372522,2.7855617600413556,2.8903717578961645,15.944444444444445,书籍,1.5395192311347798,1.7025803104294728,8.720808448104092,0,1,0
P0031,9,4.250744905110089,70.15765368159282,9.959161017338783,0.012912813065852652,21.517536728902257,30,1.0,25.42234929292522,3.2356286805674515,3.4011973816621555,19.2,书籍,6.174679830750045,2.4830955340883545,-31.65694503805068,0,1,0
P0031,10,6.0694763799061136,432.45418058077826,6.151843198101302,-0.12618871754856867,16.253224390219142,28,0.9642857142857143,19.009942755371366,2.944962145205502,3.332204510175204,18.928571428571427,书籍,3.8141427828228074,9.959161017338783,-51.93993972332725,0,1,0
P0031,11,5.578070647259441,264.56068219156623,7.565619075337579,-0.07073927718507594,19.28062604326498,25,0.96,13.965261403209238,2.6365729176758896,3.2188758248682006,17.56,书籍,4.690683826709299,6.151843198101302,-40.97226512175632,0,1,0
P0031,12,5.378610084998137,216.72084244023685,7.92493549748764,-0.21584765094400357,21.286522214221893,36,0.9722222222222222,7.937997538451274,2.403916504521304,3.58351893845611,14.666666666666666,书籍,4.913460008442337,7.565619075337579,-27.02157654546331,0,1,0
P0032,1,4.754214294372342,116.07241857483727,10.237170264093786,0.1713941873984602,26.84061130303366,48,1.0,22.51084824235541,3.1139973371209373,3.871201010907891,14.208333333333334,手机,6.347045563738147,,21.952574415173153,1,0,0
P0032,2,5.593940192594954,268.7926306656934,2.000186976716984,0.32590973518423627,23.165641845035566,36,0.7777777777777778,22.356800551616747,3.107130550017378,3.58351893845611,20.61111111111111,手机,1.24011592556453,10.237170264093786,-3.0614277343765566,1,0,0
P0032,3,5.417307939532113,225.27186000624923,7.628639948456737,0.23686106127769058,25.028604886881162,48,0.9583333333333334,31.80661231203701,3.459674202511569,3.871201010907891,20.375,手机,4.729756768043177,2.000186976716984,2.5357009129144794,1,0,0
P0032,4,5.250821406116851,190.72286506310712,7.530847012159551,0.07385052132634029,25.094173348450283,43,0.9767441860465116,17.100315675272604,2.839096923880478,3.7612001156935624,19.976744186046513,手机,4.669125147538922,7.628639948456737,2.9969813501971516,1,0,0
P0032,5,6.616532683858036,747.3493031907749,4.960756177003753,0.1980455051476844,15.97570309274922,43,0.9767441860465116,22.363217936247054,3.1074175527911403,3.7612001156935624,16.72093023255814,手机,3.0756688297423267,7.530847012159551,-43.260321512235585,1,0,0
P0032,6,5.173115669378028,176.46378468127082,7.598375324758449,0.32216364440224066,21.858600716789745,71,0.9859154929577465,36.09672008053723,3.5862020047163203,4.2626798770413155,12.619718309859154,手机,4.710992701350238,4.960756177003753,-21.561240279316234,1,0,0
P0032,7,4.542469403179131,93.92244637543077,4.717940345942086,-0.11223345292859449,27.175203248440397,63,0.9206349206349206,22.94494250714961,3.1330975421626643,4.143134726391533,14.079365079365079,手机,2.9003230144840932,7.598375324758449,11.596570270161008,1,1,1
P0032,8,3.9806103342622996,53.549707476884386,11.838948892383794,0.2641183149784514,32.05304347976435,54,1.0,29.168754918348064,3.373098099333007,3.9889840465642745,15.055555555555555,手机,7.315348313277952,4.677940345942086,86.80287130451555,1,1,1
P0032,9,5.088599378483244,162.16257452765024,8.158470430853143,0.062227940453996905,26.96152655843549,60,0.9666666666666667,25.482469869469192,3.2379907596588366,4.0943445622221,17.033333333333335,手机,5.033451667128949,11.798948892383795,18.390884212194603,1,1,1
P0032,10,5.257253596271072,191.95358466598913,7.659994666163088,0.3030748983422554,23.936921896798093,87,0.9770114942528736,32.05011640656635,3.4673008153902347,4.330733340286331,17.57471264367816,手机,4.724396693021115,8.118470430853144,-5.785791273624412,1,1,1
P0032,11,5.5409519273834,254.9205498470512,4.788830077377422,0.06601803125454392,20.70527350938837,61,0.9180327868852459,38.30418935244313,3.64555927277508,4.110873864173311,15.442622950819672,手机,2.9442746479740016,7.619994666163088,-18.952291693405755,1,1,1
P0032,12,5.2555604226596415,191.6288489163945,8.10972290751258,0.24657634465228767,25.85682839505672,53,0.9811320754716981,38.41379299300514,3.6484165876256647,3.970291913552122,12.528301886792454,手机,5.0032282026578,4.748830077377422,9.365847693283895,1,1,1
P0033,1,5.240880196971222,188.836242365582,18.482100818770565,-0.034328394883437335,20.258086503283284,6,1.0,32.44219576802429,3.4794599140103166,1.997987392178877,5.333333333333333,计算机,11.45890250763775,,-82.02589436652312,0,0,0
P0033,2,6.410619636127199,608.2704706719277,8.283944300663832,-0.18139167860508987,14.401505025994213,11,1.0,22.0308233592428,3.0924425345708055,2.3978952727983707,19.545454545454547,计算机,5.136045466411575,18.482100818770565,-85.28078431423538,0,0,0
P0033,3,5.55241677615842,257.8599933409535,3.401764083874657,-0.2587100873326841,23.463289951342876,13,0.8461538461538461,59.808928907167854,4.008329516072456,2.5649493574615367,9.23076923076923,计算机,2.1090937320022873,8.283944300663832,-4.194112058128546,0,0,0
P0033,4,6.0130314155856555,408.72044573519855,13.807257376757308,-0.2587536221703002,20.035639505375073,11,1.0,8.397405111183872,2.403916504521304,2.3978952727983707,13.363636363636363,计算机,8.560499573589532,3.401764083874657,-64.3497325399404,0,0,0
P0033,5,4.90358965625658,134.77270007331194,22.414312854240574,-0.3481930553932156,24.444444444444443,9,1.0,17.985127420613008,2.8895451619494574,2.1972245773362196,6.777777777777778,计算机,13.896873969629155,13.807257376757308,-5.643210691173709,0,0,0
P0033,6,5.0353792464215665,153.75789368687506,15.353953445686123,-0.18409184914305443,26.7439230331154,11,1.0,23.33498964712472,3.149953935738716,2.3978952727983707,12.090909090909092,计算机,9.519451136325396,22.414312854240574,31.440450327512202,0,0,0
P0033,7,5.971102955670619,391.93772237261544,7.987368353089958,-0.1872425772693687,19.862527652934354,17,1.0,25.974912092623605,3.2571311526724847,2.833213344056216,12.0,计算机,4.952168378915774,15.353953445686123,-38.60842234812071,0,1,0
P0033,8,6.506539893604631,669.5058437384474,6.881760577206582,-0.1582011538475824,16.313906757997422,13,1.0,36.00968409867409,3.583787905022307,2.5649493574615367,11.384615384615385,计算机,4.26669155786808,7.987368353089958,-57.68502203873966,0,1,0
P0033,9,6.933700551010558,1026.2847804521787,8.38951682554588,0.043238563389063955,17.241612353738862,21,1.0,20.707608505298975,3.030501193379921,3.044522437723423,10.0,计算机,5.201500431838445,6.881760577206582,-62.54049437556385,0,1,0
P0033,10,4.615938483714017,101.08264845138805,-1.7286301537002478,-0.23924260747324388,25.081563504176003,9,0.3333333333333333,12.837272021165647,2.552352816278342,2.1972245773362196,14.555555555555555,计算机,-1.0717506952941536,8.38951682554588,-0.6661291552473062,0,1,0
P0033,11,4.291961912800143,73.10976286772804,14.783291914010038,-0.12062712661854999,32.29445697043737,9,1.0,30.824834634608752,3.428320684384234,2.1972245773362196,13.444444444444445,计算机,9.165640986686224,-1.7286301537002478,112.32706424174042,0,1,0
P0033,12,6.041922314487368,420.70097766203463,5.853913881145672,-0.04247539210342721,20.070631054822226,14,1.0,25.975949415661066,3.2571710874495983,2.6390573296152584,13.857142857142858,计算机,3.6294266063103167,14.783291914010038,-27.077756142567377,0,1,0
P0034,1,4.63424734798888,102.9504030001164,11.104868933148682,0.3067257052307591,25.236313169925946,25,1.0,40.75218691033926,3.707509504758269,3.2188758248682006,20.24,水果,6.885018738552183,,5.997745799055383,1,0,0
P0034,2,5.41583417519132,224.94010689498754,1.2115107759653716,0.22926816648118745,24.845472332195982,37,0.6216216216216216,29.099529922892614,3.3707220201944845,3.6109179126442243,11.0,水果,0.7511366810985304,11.104868933148682,0.180829747714392,1,0,0
P0034,3,4.135919696647061,62.54708897411101,7.614126820911494,0.01514527506573815,29.5608563865533,37,1.0,22.23708499824085,3.101761390568946,3.6109179126442243,20.324324324324323,水果,4.720758628965126,1.2115107759653716,37.04001456434445,1,0,0
P0034,4,4.466391829645702,87.04209303583862,4.2318517672622304,0.1670934842697378,27.265427079795053,36,0.9722222222222222,22.82291954584226,3.1277652742804554,3.58351893845611,14.944444444444445,水果,2.6237480957025827,7.614126820911494,10.872534745073642,1,0,0
P0034,5,5.19581968421951,180.5160483269959,8.221750466511454,0.45149508837506414,22.815048067240447,35,1.0,38.225025085563914,3.6434904080755754,3.5553480614894135,10.371428571428572,水果,5.097485289237101,4.2318517672622304,-15.466465553002003,1,0,0
P0034,6,4.494802464115129,89.55047780500767,9.341810700078778,0.06852573632660547,25.1396504173087,43,1.0,32.401492049982195,3.4782044726633488,3.7612001156935624,17.302325581395348,水果,5.791922634048842,8.221750466511454,4.142511944076042,1,0,0
P0034,7,4.915102668155075,136.33330617306163,-2.0647302419291216,-0.008971952403734385,23.411668999529372,27,0.2222222222222222,18.25851690590302,2.9046316509428696,3.295836866004329,10.88888888888889,水果,-1.3049327499960555,9.341810700078778,2.7036178086057743,1,1,1
P0034,8,4.974750171183154,144.71266723728644,11.441462399253497,-0.003086429846104327,25.305492782107024,31,1.0,18.187280440202308,2.900722472842476,3.4339872044851463,7.580645161290323,水果,7.068906687537169,-2.1047302419291216,6.946684839783921,1,1,1
P0034,9,5.1385741264073035,170.47252267540034,8.701711394546875,0.1776516948449313,28.193932236123484,42,0.9761904761904762,18.50064002430088,2.91780532739401,3.7376696182833684,17.071428571428573,水果,5.370261064619063,11.401462399253498,30.2962378394039,1,1,1
P0034,10,5.55114756983448,257.5329234102323,10.840568038944127,0.026430033852508875,22.254299060105815,36,1.0,11.74479893099618,2.46341049842378,3.58351893845611,21.833333333333332,水果,6.6963521841453595,8.661711394546876,-26.374053566941672,1,1,1
P0034,11,4.763595271188822,117.16641459529902,5.290730875383583,-0.009636884397233536,24.363898939583983,42,0.9047619047619048,41.35488866446427,3.722190640949804,3.7376696182833684,16.523809523809526,水果,3.2554531427378217,10.800568038944128,-1.744889710864455,1,1,1
P0034,12,4.596859190725177,99.17234455796118,3.6648544407931656,0.09824230963505899,28.038112082166524,37,0.8918918918918919,32.780839711108435,3.4898441895558716,3.6109179126442243,13.18918918918919,水果,2.2474097532917625,5.250730875383583,12.113899100049231,1,1,1
P0035,1,3.9744974544901717,53.22336302167202,10.8734209414539,0.45684178490174404,25.39381196567164,27,1.0,17.31177160685416,2.851386709812152,3.295836866004329,12.592592592592593,手机,6.741520983701418,,7.585291315764322,0,0,0
P0035,2,3.231373693070937,25.314407323274075,10.46228156015658,0.3138033801158839,32.85131268715068,25,1.0,28.907037859769094,3.3640850900305783,3.2188758248682006,9.32,手机,6.486614567297079,10.8734209414539,85.32095303626441,0,0,0
P0035,3,5.368518770512274,214.54484208148642,9.451117310844202,0.23303908880896995,18.519061414591928,25,1.0,21.55397264888038,3.0705601452158864,3.2188758248682006,26.44,手机,5.859692732723405,10.46228156015658,-58.38098070495913,0,0,0
P0035,4,4.120980280590536,61.61961718213365,8.162682922151326,0.6302983448750825,25.734315963857078,30,1.0,28.78171763194493,3.35974038112189,3.4011973816621555,17.6,手机,5.0608634117338225,9.451117310844202,8.473708422662922,0,0,0
P0035,5,5.099173502279532,163.88639957353882,13.439630854597258,0.5532469160154874,18.70536447816052,23,1.0,29.799854977934626,3.3945035269872563,3.1354942159291497,12.0,手机,8.3325711298503,8.162682922151326,-80.5147875547756,0,0,0
P0035,6,4.889763362358572,132.9221159533317,2.953704334096351,0.3852871706109736,22.60203711050487,22,0.8636363636363636,13.581575606851537,2.6087141394688746,3.091042453358316,39.72727272727273,手机,1.8312966871397376,13.439630854597258,-6.185575283699824,0,0,0
P0035,7,4.972855597236393,144.43875794081185,14.722389546720482,0.5394052010256504,21.17358115514237,26,1.0,27.36144474789287,3.3091348964732523,3.258096538021482,21.923076923076923,手机,9.1278815189667,2.953704334096351,-51.86155267981953,0,1,0
P0035,8,5.322648582780606,204.92592713228908,20.98670973373738,0.5938414988595381,20.144657224433125,23,1.0,21.03411606618913,3.0461456941100504,3.1354942159291497,23.130434782608695,手机,13.011760034917176,14.722389546720482,-95.52217195892797,0,1,0
P0035,9,3.564845730805983,35.33400203578593,12.228594904153102,0.23920252501537181,30.94973219994655,20,1.0,16.98929388966833,2.8325833744710582,2.995732273553991,16.25,手机,7.5817288405749235,20.98670973373738,76.4717576478807,0,1,0
P0035,10,4.780652850958614,119.18213282143313,5.628630480828195,0.3119901132335918,21.59573187791011,20,0.9,23.98482124500071,3.1774211821432954,2.995732273553991,10.1,手机,3.4897508981134813,12.228594904153102,-17.451460419572438,0,1,0
P0035,11,3.7315002624611604,41.741684694294875,14.541063708333386,0.3359538229148242,29.14889330955635,34,1.0,23.619543031454256,3.162074463903585,3.5263605246161616,20.735294117647058,手机,9.015459499166699,5.628630480828195,64.74671355535745,0,1,0
P0035,12,4.96951988237689,143.9577541214648,11.66599977429047,0.3947787059099802,21.255945093109684,32,1.0,19.5767046863536,2.9743403229563925,3.4657359027997265,16.6875,手机,7.232919860060091,14.541063708333386,-40.13416021173458,0,1,0
P0036,1,3.565153125578228,35.34486519284753,9.78178694753271,-0.09024294607563851,30.406145126240535,52,1.0,16.64126262671202,2.811885311523532,3.9512437185814275,15.326923076923077,水果,6.0647079074702805,,55.85334324445797,1,0,0
P0036,2,3.309752537391671,27.378349515756998,13.651635661463121,0.17707517529654518,28.855651291172084,38,1.0,46.15789745099714,3.8320680720072753,3.6375861597263857,13.526315789473685,水果,8.464014110107135,9.78178694753271,56.78314127218356,1,0,0
P0036,3,3.5414537463453004,34.51706178714205,12.356715458161428,-0.005217706102560289,27.811165430273093,40,0.975,28.874825236704986,3.3629701164151564,3.6888794541139363,12.725,水果,7.661163584060086,13.651635661463121,38.49058552145506,1,0,0
P0036,4,4.5785580477689996,97.37388443730643,11.793513783057938,0.0013324734726417667,25.492968652376447,45,1.0,23.6779420180648,3.164543898218172,3.8066624897703196,15.688888888888888,水果,7.311978545495921,12.356715458161428,9.396553229819359,1,0,0
P0036,5,4.8497945025936895,127.71414222423587,2.8611221313789534,0.24960866210203544,19.832910130577126,32,0.875,22.341637448581643,3.1064520876685737,3.4657359027997265,15.21875,水果,1.7738957214549511,11.793513783057938,-13.914502388868751,1,0,0
P0036,6,3.0233889155099423,20.56085274210001,10.411556190266046,0.08645745851088671,34.01217080007126,45,1.0,18.323007656982032,2.9081575191870535,3.8066624897703196,17.933333333333334,水果,6.455164837964948,2.8611221313789534,96.99362204054762,1,0,0
P0036,7,4.227453934207477,68.54249611879119,3.4591846703720077,-0.0732376743635349,29.370497824300905,43,0.9069767441860465,15.50938993225123,2.7414456425819203,3.7612001156935624,8.767441860465116,水果,2.119894495630645,10.411556190266046,15.982244309767326,1,1,1
P0036,8,4.99896323772249,148.259369673048,4.1382988183261835,0.08229215604450205,20.696843872561807,53,0.9056603773584906,26.6500183000786,3.2827898372937416,3.970291913552122,14.056603773584905,水果,2.540945267362234,3.4191846703720077,-16.390608218538727,1,1,1
P0036,9,3.717061577406992,41.14331985145782,10.091420332773993,0.05791853156788905,27.978011876939515,45,1.0,25.681069964848916,3.245754143251641,3.8066624897703196,19.044444444444444,水果,6.2318806063198755,4.0982988183261835,32.98674376245452,1,1,1
P0036,10,4.759286036717721,116.66260334270466,8.426843903821178,-0.0689243666017107,27.19139207216164,51,0.9803921568627451,21.403677805144543,3.063562767315042,3.9318256327243257,12.294117647058824,水果,5.1998432203691305,10.051420332773993,20.926680563258955,1,1,1
P0036,11,5.233874483557928,187.51793301017548,5.516683861897475,-0.1473369255930837,19.494424268119698,37,0.9459459459459459,28.61657825098638,3.3539862090137484,3.6109179126442243,12.675675675675675,水果,3.3955439943764345,8.386843903821179,-28.488550328919167,1,1,1
P0036,12,5.133946424605527,169.68544925025432,10.768425181065155,0.31035216714803454,23.8559979548684,65,1.0,33.66981604748938,3.51660176976303,4.174387269895637,13.784615384615385,水果,6.651623612260396,5.476683861897475,-9.014180188861552,1,1,1
P0037,1,4.690300668324243,108.88591343131249,17.62610948667828,0.8067042120371057,24.031184456694344,21,1.0,15.557733305009236,2.7445578336534195,3.044522437723423,9.428571428571429,蒙牛,10.928187881740534,,-11.721859247662866,0,0,0
P0037,2,4.409792495558174,82.25239399615856,17.310045470687243,0.9372720436343843,28.46133157710499,19,1.0,43.587773160835795,3.774776678935635,2.9444389791664403,13.578947368421053,蒙牛,10.73222819182609,17.62610948667828,65.1743803210503,0,0,0
P0037,3,3.9113011931170942,49.963922406639334,17.416240850393667,0.8425668221225957,30.135152130963625,22,1.0,39.3324826344455,3.6720507076258415,3.091042453358316,7.045454545454546,蒙牛,10.798069327244074,17.310045470687243,94.72588046450343,0,0,0
P0037,4,4.517285151079965,91.58661633086771,17.37116041472245,0.9575745832120667,25.748277858347386,19,1.0,27.344297529950477,3.308508007309886,2.9444389791664403,12.210526315789474,蒙牛,10.770119457127919,17.416240850393667,18.275593992999717,0,0,0
P0037,5,5.736355795124943,309.9328915350154,8.190746383633215,0.91911741134925,17.219793052313545,14,1.0,58.380840928964204,4.008329516072456,2.6390573296152584,23.642857142857142,蒙牛,5.078262757852593,17.37116041472245,-61.23745655026686,0,0,0
P0037,6,4.776630913109647,118.70375234364906,13.510338600536713,1.0536201284295492,22.803531224897323,16,1.0,28.56031488100713,3.3520181626559538,2.772588722239781,15.1875,蒙牛,8.376409932332761,8.190746383633215,-25.570766533394817,0,0,0
P0037,7,5.659848380479469,287.10510851693715,8.054771153206751,1.111519533693801,19.652706698834045,30,1.0,19.027362761595363,2.9458780884988096,3.4011973816621555,16.4,蒙牛,4.993958114988185,13.510338600536713,-40.624286018321726,0,1,0
P0037,8,5.79249478110744,327.8298687914132,14.49660452046663,0.7586532626302809,19.976219834738973,18,1.0,19.95941926513834,2.9937011755271032,2.8903717578961645,8.88888888888889,蒙牛,8.98789480268931,8.054771153206751,-68.42386877165771,0,1,0
P0037,9,5.131504187716016,169.27154282098672,12.761901034102955,0.8074445790020418,20.290589167185306,20,1.0,12.965150119843463,2.5622649977776977,2.995732273553991,10.85,蒙牛,7.912378641143832,14.49660452046663,-56.22413051971235,0,1,0
P0037,10,5.786176162262371,325.76496733719733,12.050299897060485,1.0737229096657812,18.284823998427658,25,1.0,22.332485823870297,3.1060423818178937,3.2188758248682006,16.24,蒙牛,7.471185936177501,12.761901034102955,-77.25915566672475,0,1,0
P0037,11,4.970357101195194,144.0783287288784,7.2592262009867925,0.8674532374668378,22.133301438593538,18,1.0,18.524395781820456,2.919088554284258,2.8903717578961645,11.88888888888889,蒙牛,4.500720244611811,12.050299897060485,-18.604752011022512,0,1,0
P0037,12,3.391179308537021,29.700958218489788,9.31150455161567,1.026496465734283,35.72306380731735,17,1.0,31.785749211095915,3.4590180513264293,2.833213344056216,21.529411764705884,蒙牛,5.773132822001715,7.2592262009867925,102.67657500510317,0,1,0
P0038,1,3.777162658421183,43.69189686252925,11.749598430039462,-0.08705771531754362,37.96731415862397,25,1.0,19.823955217979314,2.9868910659041763,3.2188758248682006,15.4,衣服,7.284751026624467,,155.9301137834372,1,0,0
P0038,2,6.592991743145012,729.9614635890765,0.9952822285321533,-0.051358791622686445,19.608492133965,26,0.5384615384615384,19.191454778253075,2.954465116330869,3.258096538021482,13.76923076923077,衣服,0.617074981689935,11.749598430039462,-5.0637177851560855,1,0,0
P0038,3,5.658991411420998,286.8591737167176,7.552400977126997,-0.06061814445783201,29.114262674632723,29,1.0,14.311994505451718,2.6610979622943627,3.367295829986474,12.620689655172415,衣服,4.682488605818738,0.9952822285321533,33.36688553695856,1,0,0
P0038,4,6.7131695861721745,823.1756350007855,4.259499631817112,-0.41359588128838587,16.942796608474097,36,0.8333333333333334,26.48277546046949,3.276494539038099,3.58351893845611,22.694444444444443,衣服,2.6408897717266098,7.552400977126997,-33.02567265355151,1,0,0
P0038,5,6.487065688129574,656.5938825270609,10.400315270735563,-0.09706030275284966,23.343711047823085,38,0.9736842105263158,28.411960941264223,3.3468102164078912,3.6375861597263857,11.131578947368421,衣服,6.448195467856049,4.259499631817112,-14.066442772219512,1,0,0
P0038,6,6.701791065264191,813.8622008640609,10.519705545852874,-0.052539669096814165,21.20651553923869,27,1.0,19.202672738326214,2.955049474466759,3.295836866004329,20.666666666666668,衣服,6.522217438428782,10.400315270735563,-36.71058575144532,1,0,0
P0038,7,6.41921456478496,613.5210437998612,8.32064074854854,-0.21223555626518437,20.48346844342092,33,1.0,18.96617059781102,2.942656897349428,3.4965075614664802,13.757575757575758,衣服,5.1339972641000955,10.519705545852874,-34.88422110565623,1,1,1
P0038,8,6.156037584894793,471.5558679598651,6.4843952992974945,0.01834851828096004,20.699573670473963,29,1.0,30.026270735564193,3.4020726896537923,3.367295829986474,13.931034482758621,衣服,3.9955250855644464,8.28064074854854,-25.755921270105237,1,1,1
P0038,9,6.049057545721038,423.71351119852966,2.717990553528716,-0.06255088580481358,28.939900752676277,44,0.8636363636363636,31.955339777811826,3.464339296055004,3.784189633918261,12.590909090909092,衣服,1.660354143187804,6.444395299297494,11.364556726945011,1,1,1
P0038,10,6.488893557210917,657.7951477272276,8.548885388321702,-0.12010729774747216,21.378745306776455,33,0.9696969696969697,37.42757374797817,3.6224076987621476,3.4965075614664802,19.0,衣服,5.2755089407594555,2.677990553528716,-28.22794916196979,1,1,1
P0038,11,6.131149365218345,459.9645242062339,12.734466917682669,-0.0907814013201243,24.373497586831157,53,1.0,36.92461083606783,3.6088782890543305,3.970291913552122,12.566037735849056,衣服,7.870569488963255,8.508885388321703,-4.0966953336561165,1,1,1
P0038,12,5.769246942564777,320.2964401894596,8.814191504558757,-0.06714554345688373,25.60108353015672,17,1.0,19.543323122076053,2.972633699814754,2.833213344056216,9.352941176470589,衣服,5.43999873282643,12.69446691768267,7.9395106379281195,1,1,1
P0039,1,5.38291726738598,217.65631180824596,2.763288757049084,-0.035887592882899215,24.47778431284843,47,0.8297872340425532,33.151590381735616,3.501090690797401,3.8501476017100584,15.72340425531915,计算机,1.713239029370432,,-0.6035804899999904,0,0,0
P0039,2,5.485844909511157,241.25269460675833,9.572569839609775,0.03041379740158335,23.799935268182228,38,0.9736842105263158,33.1422756977153,3.500809678853688,3.6375861597263857,11.868421052631579,计算机,5.934993300558061,2.763288757049084,-8.579677561964248,0,0,0
P0039,3,4.922243153707389,137.31027604469415,3.149170537392028,-0.11606992224908114,23.379358733530538,22,0.8636363636363636,23.344471367380205,3.150360183804988,3.091042453358316,7.863636363636363,计算机,1.9524857331830574,9.572569839609775,-4.146997466592728,0,0,0
P0039,4,5.313562872867334,203.07246237650423,5.15770135626985,-0.08382816353997918,21.550667051680126,22,1.0,29.87487104667534,3.3970176938130816,3.091042453358316,11.454545454545455,计算机,3.1977748408873072,3.149170537392028,-16.223784652567986,0,0,0
P0039,5,4.516174792819848,91.48497881238009,-4.9303572951880925,0.0977384623622793,31.472500005281375,33,0.030303030303030304,37.96763949783708,3.6367342047536058,3.4965075614664802,16.363636363636363,计算机,-3.0568215230166174,5.15770135626985,-33.40951793605778,0,0,0
P0039,6,6.0998772465933495,445.8030428814016,4.110104077176113,0.1493797580773506,22.035668844456886,36,0.8055555555555556,31.00708018888154,3.4342155715971194,3.58351893845611,12.25,计算机,2.54826452784919,-4.9303572951880925,-10.93511182624716,0,0,0
P0039,7,5.556826912687787,258.9997024061274,-6.866896325298633,-0.021537125623913682,21.48904277864343,24,0.041666666666666664,19.365822189963517,2.9635097695900017,3.1780538303479458,12.291666666666666,计算机,-4.257475721685153,4.110104077176113,22.023302809717826,0,1,0
P0039,8,4.508001046947368,90.74025159619485,8.18456127934662,0.05472148091826094,31.602508754108747,35,0.9714285714285714,21.654802796496067,3.0752272680213872,3.5553480614894135,15.914285714285715,计算机,5.074427993194904,-6.866896325298633,56.52500390922363,0,1,0
P0039,9,5.6830859284375554,293.8548472070667,3.913769373729074,0.21553870518885132,24.854552861113962,30,0.9333333333333333,13.67662490907687,2.6156881645819725,3.4011973816621555,18.533333333333335,计算机,2.426537011712026,8.18456127934662,0.619707179747564,0,1,0
P0039,10,4.617930907617211,101.28424870625216,12.72532516908579,-0.01466447631516133,31.278301078535883,55,1.0,28.038112193363517,3.3335647344136046,4.007333185232471,16.01818181818182,计算机,7.88970160483319,3.913769373729074,83.75921590524872,0,1,0
P0039,11,5.167863793025012,175.53944807871477,11.016948222156111,0.011970109114686316,25.1689916193658,33,1.0,34.21905652303246,3.5327826971614744,3.4965075614664802,10.818181818181818,计算机,6.830507897736789,12.72532516908579,5.208581738089248,0,1,0
P0039,12,5.510770277283044,247.3415753058418,5.3855080067388466,-0.09426052608389479,20.79873087444531,30,0.9666666666666667,30.822279981395265,3.428237804488529,3.4011973816621555,15.733333333333333,计算机,3.3390149641780846,11.016948222156111,-20.989919155820658,0,1,0
P0040,1,5.388212316565872,218.8118693506781,9.636748341409973,-0.2819009021217706,24.3598190444671,32,1.0,18.709364720462606,2.9290241856989976,3.4657359027997265,17.9375,蒙牛,5.974783971674183,,-3.2417402472132437,1,0,0
P0040,2,5.519829615799521,249.59250694681435,11.33687526209524,-0.15088247142052533,23.92748556623804,42,1.0,31.17502042757238,3.4396171468208134,3.7376696182833684,22.238095238095237,蒙牛,7.02886266249905,9.636748341409973,-8.714962738079562,1,0,0
P0040,3,6.752186504357987,855.9282087637775,0.36084017604618296,-0.3888266418478628,14.372277868301525,18,0.5555555555555556,41.88705719364942,3.7349768816831572,2.8903717578961645,15.666666666666666,蒙牛,0.22372090914863343,11.33687526209524,-3.7252904338963675,1,0,0
P0040,4,6.095220292483802,443.7317851881369,5.903019556331847,-0.1441090184942351,23.954843033646952,32,0.96875,12.07788801911789,2.4913763443671444,3.4657359027997265,15.6875,蒙牛,3.659872124925745,0.36084017604618296,-4.376319176595594,1,0,0
P0040,5,5.513342869506433,247.97870350312886,8.337561545215207,-0.3002062241996239,28.976578327787603,46,1.0,34.78591178960766,3.549212471181207,3.828641396489095,14.673913043478262,蒙牛,5.169288158033428,5.903019556331847,35.68781251074754,1,0,0
P0040,6,5.713103079434617,302.80925306481305,11.425981835991085,-0.2919651995032371,22.227460543706542,29,1.0,30.142964919434874,3.4059515599406365,3.367295829986474,14.068965517241379,蒙牛,7.084108738314472,8.337561545215207,-28.20791640042577,1,0,0
P0040,7,6.5193759405746,678.1550442109485,10.453253779669387,-0.24867476236768227,21.586387482375095,29,1.0,32.96219136314981,3.4953611883636637,3.367295829986474,21.103448275862068,蒙牛,6.4562173433950205,11.425981835991085,-32.383398385919165,1,1,1
P0040,8,5.120354302668301,167.3946674931388,2.2964514818345267,-0.4434307585132391,29.520060884576484,35,0.8,13.431875296705083,2.5976306356869583,3.5553480614894135,23.8,蒙牛,1.3989999187374065,10.413253779669388,10.88477956097036,1,1,1
P0040,9,5.383443284862672,217.7708329495897,1.8617609141053904,-0.22306041635314394,27.400544313883124,35,0.8571428571428571,68.923599757351,4.008329516072456,3.5553480614894135,13.371428571428572,蒙牛,1.129491766745342,2.2564514818345267,4.926645775642378,1,1,1
P0040,10,5.004719958708493,149.1153188643191,8.9228765276426,-0.24505049606119783,29.466358663311368,29,1.0,27.599506986754754,3.317797909764822,3.367295829986474,10.10344827586207,蒙牛,5.507383447138412,1.8217609141053903,42.372618306684465,1,1,1
P0040,11,6.504448959592031,668.10741372008,7.357506963025344,-0.24555176578258797,22.34535897849208,36,1.0,30.129470531018587,3.4055037801706334,3.58351893845611,15.944444444444445,蒙牛,4.536854317075713,8.882876527642601,-17.202387903039984,1,1,1
P0040,12,5.630852064688366,278.89965696852886,0.2629272295928362,-0.11120638887642095,25.994842731161672,46,0.5434782608695652,16.13367491429462,2.7809086972039783,3.828641396489095,15.41304347826087,蒙牛,0.13821488234755844,7.317506963025344,0.28950001257384345,1,1,1
P0041,1,4.192926778652611,66.2163081083679,15.693106288290874,0.2665594094805307,29.64551752265595,39,1.0,37.785533156851955,3.631926308651074,3.6635616461296463,12.794871794871796,计算机,9.729725898740341,,77.66996786426272,0,0,0
P0041,2,4.8985951954925,134.10126124390376,7.355148601525146,0.23230774538765012,25.067124377330757,39,0.9487179487179487,30.440717663073087,3.4157811090320296,3.6635616461296463,14.076923076923077,计算机,4.56019213294559,15.693106288290874,2.7281110809052316,0,0,0
P0041,3,4.649547569456551,104.53767883756686,13.876114075920345,0.48687884337123344,30.888861345824697,37,1.0,29.690967956546604,3.390842890350887,3.6109179126442243,10.64864864864865,计算机,8.603190727070613,7.355148601525146,85.92990012841237,0,0,0
P0041,4,5.166044648263901,175.2204066905921,12.764417094190465,0.1751500384462034,27.019549331629918,36,1.0,30.733182580519927,3.4253429366932515,3.58351893845611,10.944444444444445,计算机,7.913938598398088,13.876114075920345,29.656038816116695,0,0,0
P0041,5,5.560447052125718,259.9390166416333,13.628858938286973,0.43752805343762813,19.100198304106573,24,1.0,27.78725726255848,3.3245775437616873,3.1780538303479458,21.625,计算机,8.449892541737922,12.764417094190465,-76.26728975076588,0,0,0
P0041,6,4.870988932664539,130.44985925519694,10.881623196529109,0.31768286055956085,28.75343170639702,42,1.0,14.66616304412188,2.6855430067598114,3.7376696182833684,10.976190476190476,计算机,6.746606381848047,13.628858938286973,44.149129305718475,0,0,0
P0041,7,4.956987357119352,142.16485815549245,16.589304766535513,0.7037765198947357,23.408430844885306,39,1.0,27.391241784366958,3.3102233193910267,3.6635616461296463,16.102564102564102,计算机,10.285368955252018,10.881623196529109,-21.363404367944568,0,1,0
P0041,8,5.885311573430928,359.71482812137293,7.0210056789430695,0.4128034786742075,21.53034172522835,33,0.9696969696969697,21.446274678140227,3.0655509556120553,3.4965075614664802,13.181818181818182,计算机,4.353023520944703,16.589304766535513,-22.227597542748164,0,1,0
P0041,9,5.845523472564491,345.68345022883847,10.892009095407571,0.5119590371118894,21.825430107478045,44,1.0,32.330030950005835,3.475996549052251,3.784189633918261,11.840909090909092,计算机,6.7530456391526945,7.0210056789430695,-31.2685892555635,0,1,0
P0041,10,4.824269783733224,124.49552652501482,3.870296916676185,0.46051540451979234,26.83280733080017,37,0.9459459459459459,24.376505574580683,3.1936197821386827,3.6109179126442243,20.16216216216216,计算机,2.3995840883392345,10.892009095407571,8.269255914916187,0,1,0
P0041,11,5.611650025858789,273.5953050944858,5.370911869412025,0.5277021238706275,25.288642061163323,31,0.9354838709677419,31.822338214711294,3.460168502758997,3.4339872044851463,10.419354838709678,计算机,3.329965359035455,3.870296916676185,3.1818863083402724,0,1,0
P0041,12,4.950308070092567,141.21846240562726,15.58791019701849,0.19994721621311257,28.338456442090916,57,1.0,12.885740360958899,2.556121301588959,4.04305126783455,11.596491228070175,计算机,9.664504322151464,5.370911869412025,56.77496958829849,0,1,0
P0042,1,3.121532932953483,22.68112164658515,14.31439015716035,-0.23545267832431274,30.09269208630952,10,1.0,16.868977966520426,2.8254763118252333,2.302585092994046,15.4,计算机,8.874921897439418,,77.24731253189118,1,0,0
P0042,2,4.73563834232015,113.93616578615888,9.764521270245003,-0.16049865954470421,20.363789908054667,9,1.0,20.14947773284101,3.003178369091083,2.1972245773362196,8.777777777777779,计算机,6.054003187551902,14.31439015716035,-42.304033738832274,1,0,0
P0042,3,4.544968872562239,94.15749628218569,17.599612816084523,0.11268962340592283,22.58530782943377,10,1.0,22.976538685872026,3.134473638180804,2.302585092994046,10.2,计算机,10.911759945972404,9.764521270245003,-37.151107035052085,1,0,0
P0042,4,5.485475260107769,241.16353217256676,4.281009155323266,-0.13234533558465045,15.75814494128554,8,0.875,14.798670795960414,2.6945373656530567,2.0794415416798357,13.0,计算机,2.6542256763004253,17.599612816084523,-38.26394957064362,1,0,0
P0042,5,2.841912706653344,17.148534304295097,16.11807430159455,-0.3093198828998403,30.212218538382764,12,1.0,30.598999390932487,3.420967308780961,2.4849066497880004,32.333333333333336,计算机,9.993206066988622,4.281009155323266,88.90739321354089,1,0,0
P0042,6,4.813510558387673,123.16323118579737,3.6020580076109256,-0.0520379511124648,19.2981006667082,15,0.8666666666666667,29.056539091332866,3.36924355577557,2.70805020110221,15.4,计算机,2.233275964718774,16.11807430159455,-19.444312393366193,1,0,0
P0042,7,5.76962907176553,320.41885820041176,-0.7054508464737975,-0.10847805602023153,12.50222743481617,12,0.4166666666666667,28.675924628051735,3.35605790758892,2.4849066497880004,27.75,计算机,-0.46217952481375446,3.6020580076109256,9.090016579432401,1,1,1
P0042,8,5.144959473128728,171.56453155648396,1.7143764015154526,-0.15654332702015175,16.639679358438865,13,0.8461538461538461,22.81588429125002,3.127456972832719,2.5649493574615367,9.538461538461538,计算机,1.0381133689395805,-0.7454508464737976,-13.489669173985828,1,1,1
P0042,9,3.476286161424061,32.339395482926804,15.599720412083355,-0.1820513537080963,27.78112819501659,7,1.0,27.615884624434756,3.3183911370401304,1.997987392178877,10.571428571428571,计算机,9.64702665549168,1.6743764015154525,48.00042381608658,1,1,1
P0042,10,5.702941622913643,299.74785050226143,-8.22482064992589,-0.13541432859645114,14.824676745504954,11,0.0,28.473654009510742,3.3489792390153457,2.3978952727983707,15.727272727272727,计算机,-5.124188802954051,15.559720412083356,81.58647355584934,1,1,1
P0042,11,2.0911758443895576,5.834693121196518,8.223325642518699,-0.15595923190932492,38.69743392985754,13,1.0,20.51535295056461,3.021173530258199,2.5649493574615367,20.307692307692307,计算机,5.0736618983615935,-8.26482064992589,114.57655335783446,1,1,1
P0042,12,2.0911758443895576,5.074708969473493,-5.667993782213001,-0.06989891560211858,39.130673654705305,11,0.09090909090909091,14.268720085672143,2.658069734801236,2.3978952727983707,14.0,计算机,-3.538956144972061,8.1833256425187,-82.39181382613637,1,1,1
P0043,1,3.549902579869815,34.80992613487591,10.824137657147054,0.16728431598763632,34.283398098703245,16,0.9375,39.30760327460626,3.671417967710016,2.772588722239781,15.4375,热水器,6.7109653474311735,,103.77301534796146,0,0,0
P0043,2,4.658441560662544,105.47158294508667,10.645115958885699,0.1894146687929591,22.188119468796955,24,0.9583333333333334,24.98371400515808,3.2182241727954253,3.1780538303479458,10.666666666666666,热水器,6.5999718945091335,10.824137657147054,-26.698942448067427,0,0,0
P0043,3,3.205487053329881,24.667511484714503,8.937300145370385,0.4117734768511243,33.55535152357826,33,0.9696969696969697,17.828003537881134,2.880770453529496,3.4965075614664802,12.0,热水器,5.541126090129638,10.645115958885699,79.17678339584197,0,0,0
P0043,4,4.140576161857828,62.83901646557733,8.254881906551503,0.21297758769723196,26.19060508576107,38,1.0,41.128257804032074,3.7166954230673466,3.6375861597263857,7.7368421052631575,热水器,5.118026782061932,8.937300145370385,12.336033313076138,0,0,0
P0043,5,3.5166186950475367,33.67038592352792,-0.42445760148416045,0.3676021575421755,26.614620482430674,18,0.5555555555555556,27.141036392217323,3.3010468405684597,2.8903717578961645,11.38888888888889,热水器,-0.2631637129201795,8.254881906551503,-0.8142827992449755,0,0,0
P0043,6,4.7724118400895446,118.20398755815401,4.662158203171732,0.10129097332263998,20.55436534403535,18,1.0,23.353235516402965,3.150735540528498,2.8903717578961645,18.38888888888889,热水器,2.8905380859664738,-0.42445760148416045,-19.30994726172931,0,0,0
P0043,7,3.4551234433551414,31.662196928866397,8.446597789126013,0.2857061599984983,28.81911100070861,31,1.0,31.318390364068406,3.444205476572947,3.4339872044851463,16.838709677419356,热水器,5.236890629258128,4.662158203171732,34.82446433314174,0,1,0
P0043,8,3.4832434027213717,32.56517294415394,6.137632678184233,0.14060943236272244,25.205470006931204,22,0.9545454545454546,23.7852149034164,3.169064165093223,3.091042453358316,11.636363636363637,热水器,3.8053322604742243,8.446597789126013,3.125634769358938,0,1,0
P0043,9,4.82492049070319,124.57656299449256,7.836848102858543,0.3466923761492735,22.108335920303546,30,1.0,37.9182723705835,3.635433116501458,3.4011973816621555,15.033333333333333,热水器,4.858845823772296,6.137632678184233,-20.28079661756985,0,1,0
P0043,10,4.5353846594926495,93.25938151222026,7.634940200927003,0.3000006283061207,18.38701404075107,26,0.9615384615384616,30.351739674103733,3.412853836261561,3.258096538021482,13.884615384615385,热水器,4.733662924574742,7.836848102858543,-48.17035388112299,0,1,0
P0043,11,4.834386309253321,125.76138092436977,11.222605913620043,0.21196682664028452,20.923632171660344,28,1.0,16.38495356894279,2.79636344839289,3.332204510175204,16.857142857142858,热水器,6.958015666444427,7.634940200927003,-42.338183667934885,0,1,0
P0043,12,4.574137249045968,96.94436420410439,6.242605734888853,0.18366911767014601,20.89620028641121,41,0.926829268292683,14.759379728901465,2.6918787945021387,3.713572066704308,14.073170731707316,热水器,3.870415555631089,11.222605913620043,-23.72197879676224,0,1,0
P0044,1,5.618460517434432,275.4649831013894,8.538216427632417,0.9133111260632532,23.25697722372629,37,1.0,20.4925460059346,3.0200612105558067,3.6109179126442243,16.72972972972973,洗发水,5.293694185132098,,-12.28850331799045,1,0,0
P0044,2,5.51671948427409,248.8174473159011,13.846678594112253,0.8214887757315015,20.84356897036791,46,1.0,24.203211869229087,3.1864853462248433,3.828641396489095,16.67391304347826,洗发水,8.584940728349597,8.538216427632417,-53.34631837728775,1,0,0
P0044,3,5.487018834144776,241.53607338800649,11.071524319499916,0.8783122075814322,23.60980529093651,39,1.0,27.379704798261493,3.3098020381462816,3.6635616461296463,20.025641025641026,洗发水,6.864345078089948,13.846678594112253,-12.02818518314732,1,0,0
P0044,4,5.364185973691952,213.61727380545042,17.5035105795201,0.8598678963538846,23.16699381770496,32,1.0,30.55663875587368,3.4195819698942382,3.4657359027997265,12.71875,洗发水,10.852176559302462,11.071524319499916,-26.766697513679834,1,0,0
P0044,5,5.453999894335347,233.69103842897462,19.649985821730127,0.9599250137602681,22.767585470389644,33,1.0,19.501778414823093,2.9705056621713233,3.4965075614664802,12.848484848484848,洗发水,12.182991209472679,17.5035105795201,-37.897496178148835,1,0,0
P0044,6,5.846811672435177,346.1290465516635,13.325334280682583,1.1212863047558173,24.900582660951493,54,1.0,11.417637366578,2.4351592972354723,3.9889840465642745,11.666666666666666,洗发水,8.261707254023202,19.649985821730127,2.723299090323749,1,0,0
P0044,7,6.082495913989996,438.1213443883761,9.311127104274613,0.822293733261966,21.71365650742297,68,1.0,23.366654035909285,3.1513099648263236,4.219507705176107,10.926470588235293,洗发水,5.748098804650261,13.325334280682583,-27.651656830856208,1,1,1
P0044,8,6.1358759049759755,462.1437107660014,11.17259643800183,0.6426753279814248,19.572582452392318,33,1.0,18.806743736424128,2.9342155148993356,3.4965075614664802,13.696969696969697,洗发水,6.902209791561136,9.271127104274614,-57.03930697218821,1,1,1
P0044,9,5.672704578426356,290.8200172575549,18.60214002196309,0.7780092510727422,24.966064186276263,34,1.0,29.85858686729901,3.39647246571652,3.5263605246161616,13.588235294117647,洗发水,11.508526813617117,11.132596438001832,5.009022527285965,1,1,1
P0044,10,5.117999174133084,167.0008954090274,14.051424411286446,0.6304616681011657,24.258171641578528,40,1.0,25.29510888882985,3.2306110524916947,3.6888794541139363,16.525,洗发水,8.687083134997597,18.562140021963092,-6.137578081658868,1,1,1
P0044,11,5.292422801070778,198.8245546777471,13.202769052370778,0.6618446386934649,23.937535245794475,36,1.0,45.3731858813506,3.814921311209475,3.58351893845611,11.027777777777779,洗发水,8.160916812469884,14.011424411286447,-9.986295083965892,1,1,1
P0044,12,6.234541541705683,510.066720517489,10.763674971974371,0.7732924138421527,20.306980074107884,52,1.0,28.494688693964065,3.3497177082918252,3.9512437185814275,13.115384615384615,洗发水,6.648678482624111,13.162769052370779,-47.06870321651415,1,1,1
P0045,1,3.830415810963573,46.081695525252066,6.723323267121619,0.04761223649837336,21.992484019831522,13,1.0,41.17252673789817,3.717771207177593,2.5649493574615367,11.846153846153847,酒店,4.168460425615404,,-18.17804141675229,0,0,0
P0045,2,4.135182203937557,62.500977957351196,12.834385494279964,-0.10630612132370933,21.96860484339941,12,1.0,15.43293283718776,2.7365037220131425,2.4849066497880004,8.166666666666666,酒店,7.957319006453577,6.723323267121619,-35.00716970357746,0,0,0
P0045,3,4.193461703909969,66.2517383594473,7.180953207679156,-0.30508078346959566,23.997978345512923,17,1.0,21.976168842880615,3.0899586318213674,2.833213344056216,12.705882352941176,酒店,4.452190988761076,12.834385494279964,-5.013987665113152,0,0,0
P0045,4,4.6324678374110215,102.76736457668991,-0.27038493453479306,-0.2323691914064227,18.027527952583988,16,0.625,31.957735833635255,3.4644142746349464,2.772588722239781,16.6875,酒店,-0.1676386594115717,7.180953207679156,1.803111867685184,0,0,0
P0045,5,5.264647010150965,193.37803625455084,-5.071515118467166,-0.03154568728236701,15.947539484728043,15,0.13333333333333333,20.720925828730458,3.03114409924682,2.70805020110221,7.133333333333334,酒店,-3.1443393734496428,-0.27038493453479306,44.36902808055091,0,0,0
P0045,6,2.0911758443895576,2.750331228639158,11.089848109221277,0.016806186701714895,39.130673654705305,13,1.0,26.66430821480292,3.283325900149662,2.5649493574615367,10.153846153846153,酒店,6.875705827717192,-5.071515118467166,160.0759803947862,0,0,0
P0045,7,5.280647247965589,196.49701649560743,11.822167116518637,-0.06086395507119916,17.627415053559588,23,1.0,27.074409889275454,3.2985889972395754,3.1354942159291497,16.82608695652174,酒店,7.329743612241555,11.089848109221277,-83.56850616309362,0,1,0
P0045,8,3.3024542164467245,27.179260923979523,-1.9397361581971415,-0.2418578337880318,26.09488333662966,18,0.1111111111111111,24.33842545949849,3.1920563960461616,2.8903717578961645,16.666666666666668,酒店,-1.2026364180822278,11.822167116518637,-2.713052159210204,0,1,0
P0045,9,3.1784460822621803,24.009415892521837,1.9879275775483447,-0.24620799213865827,29.30186600070089,14,0.7142857142857143,24.80760220665821,3.2111501467880257,2.6390573296152584,10.928571428571429,酒店,1.2325150980799737,-1.9397361581971415,9.155705364795518,0,1,0
P0045,10,3.122217915206849,22.69666313461357,10.925384441779027,-0.1776580093554032,31.847800671547247,20,0.95,32.06583391164589,3.4677910991750456,2.995732273553991,18.75,酒店,6.7737383539029965,1.9879275775483447,78.13384881409384,0,1,0
P0045,11,3.7034959267846688,40.58895262646878,8.397945399561218,-0.22431765536530268,29.640756424473217,23,1.0,13.110977463939953,2.5734498536491834,3.1354942159291497,8.826086956521738,酒店,5.206726147727955,10.925384441779027,41.52400888164342,0,1,0
P0045,12,2.378068195755917,10.784050054979224,-5.1900682678210455,-0.33915507053491956,35.08888974864858,20,0.1,16.363281246819568,2.7950398762731083,2.995732273553991,19.0,酒店,-3.2178423260490483,8.397945399561218,-53.9387037744184,0,1,0
P0046,1,2.892753083888924,18.042914944826606,3.2526890072750323,-0.8060568632124299,22.40644371038892,52,0.9230769230769231,20.944459992143855,3.0418741718820463,3.9512437185814275,15.038461538461538,热水器,2.01666718451052,,-7.447906166938334,1,0,0
P0046,2,2.9585050224208196,19.26914327474002,-2.8693871396020345,-0.6652219721840614,21.685207596413484,57,0.12280701754385964,26.49880714946525,3.2770997187513244,4.04305126783455,12.807017543859649,热水器,-1.7790200265532614,3.2526890072750323,8.639739096760715,1,0,0
P0046,3,2.8609857180410523,17.47874756465323,7.428013564078727,-0.600617592545402,22.355223944283686,38,0.9736842105263158,13.450844982301437,2.5990419280374377,3.6375861597263857,15.421052631578947,热水器,4.60536840972881,-2.8693871396020345,-17.388895649012795,1,0,0
P0046,4,2.3790544639663085,10.794691267409908,2.7536221258296356,-0.585052755355127,29.835291050590186,40,0.95,23.21683953772697,3.1448778575196594,3.6888794541139363,16.325,热水器,1.707245718014374,7.428013564078727,14.151080068236364,1,0,0
P0046,5,2.2712938489194,9.691932601728295,14.275978376746995,-0.6511076738553871,30.646372757475593,45,1.0,22.62377149674984,3.1190011896255787,3.8066624897703196,15.311111111111112,热水器,8.851106593583136,2.7536221258296356,84.94435743688007,1,0,0
P0046,6,2.1360922029210654,8.4662883638328,4.2569130738596295,-0.8605144663438866,27.258278666306836,26,0.9230769230769231,27.581581213644764,3.3171482026160444,3.258096538021482,20.115384615384617,热水器,2.63928610579297,14.275978376746995,10.90649244148773,1,0,0
P0046,7,2.6054924885951287,13.537890918122418,5.1572742145160015,-0.46294145823714195,20.584250626691777,44,0.9090909090909091,26.208896380206088,3.2660989096272064,3.784189633918261,18.227272727272727,热水器,3.172710012999921,4.2569130738596295,-21.042037087994256,1,1,1
P0046,8,3.1508771257106574,23.35654222259234,6.118395767500333,-0.7490853126061428,22.235117512714314,33,0.9696969696969697,34.27823141696477,3.5345105001280794,3.4965075614664802,14.393939393939394,热水器,3.7686053758502065,5.1172742145160015,-14.959510093718636,1,1,1
P0046,9,2.979120266203649,19.67050422336129,0.5633925026385266,-0.6543518261798741,22.02696732521891,29,0.5517241379310345,36.23734384547965,3.590090185041653,3.367295829986474,16.75862068965517,热水器,0.32450335163588645,6.078395767500333,-1.3970629758679451,1,1,1
P0046,10,3.4138666180946324,30.382494936204267,3.3490590077294837,-0.47043349007294033,20.817225310737395,55,0.8363636363636363,30.689043665878405,3.4239057070473464,4.007333185232471,14.036363636363637,热水器,2.05161658479228,0.5233925026385265,-12.835797902124398,1,1,1
P0046,11,3.730263641981892,41.69009797533331,-3.023506650564529,-0.2893252992564655,20.218269412928073,32,0.15625,18.20001384834163,2.901422354980352,3.4657359027997265,17.5,热水器,-1.899374123350008,3.3090590077294837,13.71820880084458,1,1,1
P0046,12,3.310413039921578,27.39643895828046,3.860374990095033,-0.5698358906014774,22.211130290971933,40,0.925,23.565293852699885,3.159775030176999,3.6888794541139363,13.85,热水器,2.3686324938589203,-3.063506650564529,-9.493946384542703,1,1,1
P0047,1,2.914899413189565,18.44695678887772,1.6552478781567097,-0.7745971771386874,39.130673654705305,16,0.625,32.79618050184097,3.4903120604948854,2.772588722239781,9.6875,水果,1.02625368445716,,23.892610997260146,0,0,0
P0047,2,5.718110258228001,304.3292754713675,-8.26482064992589,-0.7893838382241056,20.06941214817243,8,0.0,26.07642128650265,3.261031507033282,2.0794415416798357,19.5,水果,-5.124188802954051,1.6552478781567097,38.239676096485816,0,0,0
P0047,3,5.060114351833925,157.60853811831075,-8.26482064992589,-0.9011490895728889,25.5107402512525,17,0.058823529411764705,26.846392140080372,3.290131440979562,2.833213344056216,14.176470588235293,水果,-5.124188802954051,-8.26482064992589,-6.731924772872427,0,0,0
P0047,4,5.4613220008877965,235.4084288978073,1.1331188094200244,-0.9085767952333598,26.518873899640997,14,0.7857142857142857,22.733840216339335,3.1238545728391567,2.6390573296152584,10.0,水果,0.7025336618404151,-8.26482064992589,2.065291777265513,0,0,0
P0047,5,4.51393235874324,91.28005962314971,10.52453883676189,-0.7088555682439697,30.6533375208251,18,0.9444444444444444,23.683040267915047,3.164759191466912,2.8903717578961645,17.5,水果,6.525214078792372,1.1331188094200244,62.69599235655301,0,0,0
P0047,6,6.100722959190199,446.1802236012422,-4.371212964779324,-0.906673354212192,19.139361392468334,15,0.2,42.29833475293205,3.7447477177343327,2.70805020110221,13.4,水果,-2.710152038163181,10.52453883676189,24.29018013645539,0,0,0
P0047,7,5.730025710465262,307.97718651237636,2.111535717131023,-0.7243158493249908,21.91920896525706,17,0.6470588235294118,22.611665523059923,3.118465946693201,2.833213344056216,13.588235294117647,水果,1.3091521446212342,-4.371212964779324,-5.863742407128621,0,1,0
P0047,8,6.617589800894621,748.1397565987287,2.2479532325838365,-0.6382078861832582,19.93206785698779,20,0.85,12.3444715998962,2.513208319118519,2.995732273553991,14.1,水果,1.3937310042019786,2.111535717131023,-10.709574624274584,0,1,0
P0047,9,5.757421132611009,316.5309840264797,9.150701891308605,-0.8154456830181599,23.876694860411103,21,1.0,30.92411196787658,3.4315362021953217,3.044522437723423,9.714285714285714,水果,5.6734351726113355,2.2479532325838365,-7.499162727952868,0,1,0
P0047,10,4.200436993699355,66.71547891567806,13.924947198892706,-0.7784835661593148,28.101935292632337,13,1.0,35.57388537393796,3.571611811761609,2.5649493574615367,19.384615384615383,水果,8.633467263313477,9.150701891308605,47.42450836716139,0,1,0
P0047,11,7.1509229007340105,1275.2823712688287,8.461760047574108,-0.6960398953618908,18.602870627513212,18,0.9444444444444444,18.23507618325054,2.90334700211046,2.8903717578961645,12.333333333333334,水果,5.246291229495947,13.924947198892706,-51.560397842398515,0,1,0
P0047,12,3.896991473334744,49.25404387255509,3.1203721595049783,-0.5960149996278449,32.761732368668085,16,0.8125,28.844715832282816,3.3619268161187352,2.772588722239781,27.875,水果,1.9346307388930866,8.461760047574108,25.16742327045679,0,1,0
P0048,1,4.566796111786025,96.23528821645557,3.073837953483089,-0.13871909009583122,25.141431623714286,41,0.7560975609756098,26.113358229025156,3.2624469929400104,3.713572066704308,12.658536585365853,平板,1.9057795311595151,,1.3685310660821275,1,0,0
P0048,2,4.5050785666545154,90.47545212322575,7.197991177954673,-0.05400204692479754,26.14096942890914,52,0.9807692307692307,26.88347120549857,3.291511644426792,3.9512437185814275,15.51923076923077,平板,4.462754530331897,3.073837953483089,10.399346752765767,1,0,0
P0048,3,4.352239601259525,77.65217824232546,9.497203419001346,-0.2515450771459341,25.362079869265788,41,1.0,11.059870866564589,2.403916504521304,3.713572066704308,12.560975609756097,平板,5.888266119780835,7.197991177954673,6.32387670042613,1,0,0
P0048,4,5.505367381851535,246.00881825416462,7.785477236138833,0.07636082148626391,22.162803778085554,34,0.9117647058823529,35.331338273972065,3.564770339905622,3.5263605246161616,23.11764705882353,平板,4.826995886406077,9.497203419001346,-19.723796881593618,1,0,0
P0048,5,4.24136513997266,69.502667975641,11.551382170734849,-0.001120474136162286,29.82596658176141,47,1.0,18.228137798895585,2.9029664331105853,3.8501476017100584,12.829787234042554,平板,7.1618569458556065,7.785477236138833,59.255748434805795,1,0,0
P0048,6,4.377062054655024,79.60381785120785,5.535440573649303,-0.13454914072757085,30.51647570363897,46,0.9565217391304348,24.948976335682577,3.2168327927258735,3.828641396489095,12.717391304347826,平板,3.4319731556625674,11.551382170734849,32.21772041321993,1,0,0
P0048,7,4.6755875899601484,107.29559438715822,8.899692653947465,0.0788786332907617,23.493084016393148,54,1.0,21.408678590054407,3.0637963814093676,3.9889840465642745,17.75925925925926,平板,5.493009445447429,5.535440573649303,-10.659349665964198,1,1,1
P0048,8,4.262365415633712,70.97767675014441,11.052864654276084,0.2604203273532431,27.468313881374776,47,1.0,30.22210172916047,3.4085735020490517,3.8501476017100584,22.425531914893618,平板,6.827976085651172,8.859692653947466,30.528775981028694,1,1,1
P0048,9,4.5358665983816175,93.30433766712164,-1.0620852115553974,-0.009308653155590162,26.628417305214878,32,0.28125,25.584736917665328,3.241995959525483,3.4657359027997265,16.375,平板,-0.6832928311643464,11.012864654276084,-2.129454207428059,1,1,1
P0048,10,4.022996705374435,55.86827598474178,6.23940482037195,-0.08240884447517446,30.48124502041273,47,0.9574468085106383,15.997034477344451,2.7724033598952715,3.8501476017100584,16.19148936170213,平板,3.843630988630609,-1.1020852115553974,35.86375773874642,1,1,1
P0048,11,4.603100338767184,99.79322934356524,10.032248701462574,-0.009744795055109893,24.818007248913183,54,0.9814814814814815,40.410124129772015,3.6990803508444374,3.9889840465642745,23.87037037037037,平板,6.195194194906796,6.19940482037195,1.217002205872044,1,1,1
P0048,12,4.893530541350476,133.42380173286332,8.221714926677844,-0.2203525697429902,27.668363066984917,32,1.0,12.070765977733075,2.4907864943827738,3.4657359027997265,11.71875,平板,5.072663254540264,9.992248701462575,24.317287662729417,1,1,1
P0049,1,4.492092613655477,89.3081379023117,7.88412133188026,-0.8294048965581977,24.926252325532065,13,1.0,11.655189437412076,2.4557515261018397,2.5649493574615367,17.384615384615383,手机,4.888155225765761,,1.8136609363637894,0,0,0
P0049,2,5.103509992813954,164.59863457804738,0.6636590563531669,-0.33845216162233105,20.43382287469105,17,0.47058823529411764,39.50776617410632,3.676497264584161,2.833213344056216,18.0,手机,0.4114686149389635,7.88412133188026,-2.8287735572923713,0,0,0
P0049,3,5.0185862251711635,151.1973935500363,-0.0851558111680644,-0.7661762071698576,21.04997466240538,27,0.48148148148148145,27.00393523195823,3.2959826047157135,3.295836866004329,11.11111111111111,手机,-0.05279660292419992,0.6636590563531669,0.31049835113333957,0,0,0
P0049,4,5.325936288495324,205.6007720118324,3.6614263456832816,-0.49841442603827013,19.892448546221058,12,0.8333333333333334,27.103626365307356,3.299667533151315,2.4849066497880004,10.583333333333334,手机,2.2700843343236348,-0.0851558111680644,-17.588628344311687,0,0,0
P0049,5,4.258248338928132,70.6860569330787,15.304003749532134,-0.41775317683177904,23.85436072239375,13,1.0,26.6698340766334,3.2835331168259914,2.5649493574615367,11.076923076923077,手机,9.488482324709922,3.6614263456832816,-12.883704623141519,0,0,0
P0049,6,5.6828357867516415,293.7813510527816,4.860838687106166,-0.2113482472481118,19.83027369108467,12,1.0,16.957015589397514,2.8306816472733627,2.4849066497880004,7.916666666666667,手机,3.013719986005823,15.304003749532134,-23.652544202906466,0,0,0
P0049,7,3.104813365168332,22.30505568646717,9.435765052708607,-0.712864577982263,37.52426449461205,16,1.0,19.301115250576796,2.96016287924533,2.772588722239781,30.8125,手机,5.8501743326793365,4.860838687106166,121.04248355699843,0,1,0
P0049,8,5.0625832385121186,157.99813647764367,1.4657966736885737,-0.5953126618544882,23.349819378503337,14,0.7857142857142857,23.029935620555392,3.1367949183686514,2.6390573296152584,11.357142857142858,手机,0.9087939376869156,9.435765052708607,-1.9735387373168862,0,1,0
P0049,9,5.34371349603101,209.2884608930946,6.719235568944448,-0.5450824186065429,22.779726879163416,23,0.9565217391304348,24.409107774927485,3.194956332115682,3.1354942159291497,10.73913043478261,手机,4.165926052745558,1.4657966736885737,-12.877319168454584,0,1,0
P0049,10,4.720293180871202,112.20114307503113,4.4506452809674,-0.5127208505243069,25.757766203878965,21,0.8095238095238095,32.462111912891785,3.480073621981458,3.044522437723423,15.857142857142858,手机,2.759400074199788,6.719235568944448,4.724598441132875,0,1,0
P0049,11,7.055934029176534,1159.7201780438727,0.11906529498886007,-0.5485302460215573,12.443164196881131,10,0.5,16.65881749014644,2.8129396552367627,2.302585092994046,17.7,手机,0.07382048289309324,4.4506452809674,-1.4589128252107955,0,1,0
P0049,12,5.3037226856515245,201.08399083960595,-6.566294649967636,-0.3905262639488858,18.973892320161532,9,0.0,27.784152496890755,3.324465804085318,2.1972245773362196,12.11111111111111,手机,-4.071102682979935,0.11906529498886007,37.574441181225005,0,1,0
P0050,1,5.01388836601111,150.48875533433372,17.645082011006167,1.2826321372829075,23.631687003908578,37,1.0,15.463775640070704,2.7385002332693977,3.6109179126442243,10.054054054054054,蒙牛,10.939950846823823,,-18.78364182829459,1,0,0
P0050,2,4.606567768973056,100.13985600591923,17.816669783222995,1.2948291143659203,24.06030564091915,40,1.0,26.596713753547654,3.280787665055864,3.6888794541139363,12.1,蒙牛,11.046335265598257,17.645082011006167,-11.329744688962277,1,0,0
P0050,3,5.005959666234609,149.30029288052424,12.377940802803659,1.4470996684887099,22.4127813069743,47,0.9787234042553191,32.3531715629995,3.4767120551831123,3.8501476017100584,14.127659574468085,蒙牛,7.674323297738268,17.816669783222995,-28.26417764062574,1,0,0
P0050,4,5.07040273563659,159.23844542780068,11.45648143616702,1.1103057489805164,23.938766794182282,25,1.0,31.88412777711537,3.462108324119915,3.2188758248682006,22.24,蒙牛,7.103018490423553,12.377940802803659,-8.677664061565395,1,0,0
P0050,5,6.475215671230589,648.8591527733772,13.923703486505891,1.252549753284222,14.83394416236746,30,0.9666666666666667,28.12285167646309,3.336582472770246,3.4011973816621555,13.566666666666666,蒙牛,8.632696161633653,11.45648143616702,-137.31930173170883,1,0,0
P0050,6,5.1089118576942445,165.49017999751274,12.721846456944943,1.1275161665690876,21.52787777507442,49,1.0,16.059692788826162,2.7763125793709076,3.8918202981106265,12.408163265306122,蒙牛,7.887544803305865,13.923703486505891,-40.30706944263292,1,0,0
P0050,7,5.440483480605737,230.55362472476313,9.965391988621281,1.416793079767074,19.493657747384827,46,1.0,29.199236463203405,3.374142560411926,3.828641396489095,10.391304347826088,蒙牛,6.1537430329451945,12.721846456944943,-51.63739646963614,1,1,1
P0050,8,3.314875635778371,27.518971396291366,19.89572320642905,1.6727842682299037,33.08415982865835,37,1.0,30.80016791521883,3.427520141757487,3.6109179126442243,15.324324324324325,蒙牛,12.310548387986012,9.925391988621282,166.54875801201337,1,1,1
P0050,9,4.653046522415931,104.90409191554113,13.671066179403702,1.39033041243844,28.115199842459585,48,1.0,20.124288197527534,3.001927453612172,3.871201010907891,20.979166666666668,蒙牛,8.451261031230295,19.85572320642905,46.604441073058666,1,1,1
P0050,10,4.133852558798457,62.41792906083758,20.8273239198519,1.5913330829929224,28.515826598239354,32,1.0,19.55025412053395,2.9729882848396803,3.4657359027997265,18.875,蒙牛,12.888140830308178,13.631066179403703,79.3995529796497,1,1,1
P0050,11,4.5527807926650725,94.8959276483471,17.42014497392671,1.2464352938116157,27.39840440714638,27,1.0,22.990802054580147,3.1350942252731238,3.295836866004329,14.185185185185185,蒙牛,10.775689883834561,20.7873239198519,46.964484978857215,1,1,1
P0050,12,4.716512724806719,111.77777235468388,15.477456067663905,1.2004076631695697,22.34307186167304,55,1.0,36.941297433070986,3.6093300968687343,4.007333185232471,16.89090909090909,蒙牛,9.57122276195162,17.38014497392671,-36.326507103549964,1,1,1
P0051,1,3.59095335723476,36.26863641653479,15.723161750155493,0.49124573763066,37.68637367175206,20,1.0,29.43461920560741,3.382171505607259,2.995732273553991,16.2,计算机,9.748360285096405,,204.24640335094105,0,0,0
P0051,2,5.75045060123107,314.33226688566776,7.610097482107883,0.3138013961874726,25.308057850717507,14,1.0,25.08953695335271,3.2224509047816707,2.6390573296152584,11.642857142857142,计算机,4.718260438906888,15.723161750155493,4.656201836980817,0,0,0
P0051,3,5.321328073154433,204.65549906358888,12.299361298988627,0.596083631909111,27.03797259969339,28,0.9642857142857143,31.115100753821228,3.437693256126857,3.332204510175204,13.571428571428571,计算机,7.625604005372948,7.610097482107883,28.802152045167464,0,0,0
P0051,4,7.0625014221462,1167.3615807703407,13.013771752399663,0.5089612568208106,17.496699636725488,20,1.0,33.224207823005536,3.5032787615161345,2.995732273553991,14.3,计算机,8.06853848648779,12.299361298988627,-93.69281871456248,0,0,0
P0051,5,4.7902567468522905,120.33225962635507,6.9164946148226205,0.234190882324915,29.196050823045777,21,1.0,32.942412531006156,3.4947609622316858,3.044522437723423,16.333333333333332,计算机,4.288226661190024,13.013771752399663,31.12310668735837,0,0,0
P0051,6,4.298793219544861,73.6109078726379,11.638588227760925,0.31964956293159713,30.838780770845982,24,1.0,27.127445448385348,3.300545962576109,3.1780538303479458,12.291666666666666,计算机,7.215924701211773,6.9164946148226205,71.49082134916782,0,0,0
P0051,7,5.919154647329618,372.0970276685286,4.125645174579276,0.45754678273145205,21.4468829737536,37,0.918918918918919,23.226710157710496,3.145302916336088,3.6109179126442243,16.43243243243243,计算机,2.557900008239151,11.638588227760925,-13.405581182561749,0,1,0
P0051,8,5.81268460487071,334.5159644946139,5.663234318624301,0.4242045542695514,21.212070715682486,16,1.0,27.432579036819014,3.311731323016697,2.772588722239781,23.0,计算机,3.5112052775470666,4.125645174579276,-19.731512012970377,0,1,0
P0051,9,5.112972649777421,166.16356752831888,-0.2650082579688459,0.5218302861614162,28.234843044881345,19,0.631578947368421,14.168182452657641,2.6509987781967137,2.9444389791664403,21.31578947368421,计算机,-0.16430511994068447,5.663234318624301,-0.9377662840496376,0,1,0
P0051,10,5.001592587681344,148.64970838425137,14.236463883921394,0.30676535498527485,31.070488267687274,28,1.0,22.789457476384783,3.1262980376379,3.332204510175204,6.964285714285714,计算机,8.826607608031264,-0.2650082579688459,90.74714502062227,0,1,0
P0051,11,6.217851120788515,501.6241433262758,18.43608602264227,0.2657909360733941,19.273024184938834,22,1.0,15.004514107719249,2.708351096343313,3.091042453358316,11.954545454545455,计算机,11.430373334038208,14.236463883921394,-99.98236853665541,0,1,0
P0051,12,3.190035609832817,24.289292365334973,15.557122429196284,0.7020935322217827,39.130673654705305,23,1.0,16.63397797994184,2.8114474696474856,3.1354942159291497,15.956521739130435,计算机,9.645415906101695,18.43608602264227,224.55867749032515,0,1,0
P0052,1,4.426906894802364,83.67220929325221,5.5281518706335815,-0.47472120097424914,32.31044461538393,25,0.92,12.808207937823243,2.550086210558196,3.2188758248682006,11.8,手机,3.4274541597928203,,42.0926308394635,1,0,0
P0052,2,4.799799299427019,121.4860327554156,-3.781479056644641,-0.5039803003512271,30.011539665548398,15,0.26666666666666666,29.2482005609965,3.375818052503306,2.70805020110221,25.4,手机,-2.3445170151196773,5.5281518706335815,-20.099797895626466,1,0,0
P0052,3,5.5481543733148655,256.76322925777885,5.466216369843542,-0.15855524642621668,22.91712560948888,19,1.0,38.803772956697216,3.6585174830536036,2.9444389791664403,23.789473684210527,手机,3.389054149302996,-3.781479056644641,-9.724874549384413,1,0,0
P0052,4,4.385453752257773,80.27463974926155,9.95010293168246,-0.3583533753892895,32.176968813068406,19,1.0,51.45910274642601,3.940787370759616,2.9444389791664403,15.736842105263158,手机,6.169063817643125,5.466216369843542,74.4342941111914,1,0,0
P0052,5,6.868009402562792,961.0336294307957,10.70144762406762,-0.17505907775638024,17.395948441474076,21,1.0,23.167453965172218,3.1427484474333434,3.044522437723423,10.047619047619047,手机,6.634897526921924,9.95010293168246,-78.12339476627051,1,0,0
P0052,6,5.737154804437645,310.1806297610592,11.423015830246612,-0.2126476640884111,23.833696324489125,17,1.0,38.96318811240018,3.662617305826825,2.833213344056216,11.941176470588236,手机,7.0822698147529,10.70144762406762,-9.852537316592864,1,0,0
P0052,7,6.4275197351415425,618.637658353521,8.27365947165633,-0.18158102295352688,17.401287811623458,18,1.0,35.703220969213966,3.5752409079430048,2.8903717578961645,12.722222222222221,手机,5.104868872426925,11.423015830246612,-60.06392675729654,1,1,1
P0052,8,6.47148314551404,646.4417835521391,2.317686889395258,-0.34277622475401787,19.829339665222975,16,0.875,20.436599589458798,3.017327390902053,2.772588722239781,13.6875,手机,1.41216587142506,8.233659471656331,-11.085212725261705,1,1,1
P0052,9,3.693717337354789,40.19398418770776,9.43564045666556,-0.19488523122600854,32.888288225170335,12,1.0,45.366534957256604,3.814774717765183,2.4849066497880004,15.5,手机,5.825297083132647,2.277686889395258,76.96979696426953,1,1,1
P0052,10,4.311382310703791,74.54345997759032,16.764673001113085,-0.17598514282657696,32.80832210614998,13,1.0,13.518312657801902,2.6040452594092045,2.5649493574615367,15.076923076923077,手机,10.369297260690113,9.39564045666556,135.67237847708245,1,1,1
P0052,11,6.580911331031256,721.1962784027525,0.2665260108097182,-0.3951456394738182,21.498429153556646,20,0.6,16.442383915207618,2.7998623861232965,2.995732273553991,15.8,手机,0.1404461267020253,16.724673001113086,-0.7243811324659761,1,1,1
P0052,12,4.958405154840994,142.36656212140667,0.13069843771161563,-0.6611690522512621,28.627693975835747,36,0.6388888888888888,21.843705103228217,3.08391278407189,3.58351893845611,15.944444444444445,手机,0.056233031381201684,0.22652601080971824,0.35657921671478293,1,1,1
P0053,1,3.2021803689257067,24.586078519955567,10.339693126722743,-0.7257799127148968,25.373676334030037,53,1.0,17.466791763648988,2.860301464674212,3.970291913552122,16.41509433962264,热水器,6.410609738568101,,7.004766890247856,0,0,0
P0053,2,3.2496044484764948,25.78014052627239,5.834550321968662,-0.7839297331692617,25.25244748926426,59,0.9491525423728814,25.93246639596441,3.2554957124959327,4.07753744390572,16.915254237288135,热水器,3.61742119962057,10.339693126722743,3.245380325786724,0,0,0
P0053,3,3.774019173644793,43.55476769453636,2.5368914164911662,-0.8297700721864801,22.04576875615592,40,0.75,27.749660114894493,3.3232235920055246,3.6888794541139363,28.3,热水器,1.572872678224523,5.834550321968662,-6.7238882923254515,0,0,0
P0053,4,2.822863192462888,16.824954857443085,1.4465072192856616,-1.0284703130275954,23.495730957535514,37,0.7567567567567568,25.47283480128578,3.237612582416624,3.6109179126442243,13.243243243243244,热水器,0.8968344759571102,2.5368914164911662,-1.7365053937969352,0,0,0
P0053,5,3.2684959271357115,26.271794918039955,-0.1843374652286294,-0.9254071167707981,23.436735686651403,68,0.5882352941176471,32.22861361945926,3.472854679682161,4.219507705176107,14.455882352941176,热水器,-0.11428922844175023,1.4465072192856616,0.23216878571605884,0,0,0
P0053,6,2.2515356816397505,9.502317171363831,0.3541129171239026,-0.6500989261389848,30.317325043258744,33,0.48484848484848486,17.922454545163525,2.886054370553281,3.4965075614664802,14.969696969696969,热水器,0.2195500086168196,-0.1843374652286294,1.9905085170886432,0,0,0
P0053,7,2.963417280995065,19.364031155105803,3.1953546350587594,-0.8415929132860613,24.10762089351377,33,0.8181818181818182,16.33796844125646,2.7934917513017306,3.4965075614664802,11.0,热水器,1.9811198737364308,0.3541129171239026,-1.8807593067352566,0,1,0
P0053,8,3.4082947189221593,30.21367749146138,-0.6487395916226981,-0.8969714756234805,26.855880852415144,81,0.43209876543209874,23.073916878609978,3.1387028401154065,4.330733340286331,16.987654320987655,热水器,-0.40221854680607283,3.1953546350587594,-1.4010622860512778,0,1,0
P0053,9,3.0488460316453665,21.090992036923385,1.2481336785623138,-0.805248755567349,23.599001445398667,45,0.6888888888888889,33.30240478178034,3.5056296100480515,3.8066624897703196,12.688888888888888,热水器,0.7738428807086346,-0.6487395916226981,-1.36946622160469,0,1,0
P0053,10,2.3081484008075996,10.055788117481875,5.435778656895758,-0.9755877987952551,28.95466232905211,40,0.975,30.60709658004397,3.421231896450874,3.6888794541139363,15.325,热水器,3.37018276727537,1.2481336785623138,23.147990030827845,0,1,0
P0053,11,2.5398877344773014,12.678247560846117,8.681299925094997,-0.8647038325358096,29.09651002005042,40,1.0,38.20633185332327,3.6430012571992325,3.6888794541139363,12.7,热水器,5.382405953558898,5.435778656895758,38.20030147491762,0,1,0
P0053,12,3.8091042371626336,45.1100128898383,1.2411241855069437,-0.7863775172600824,23.828182795968846,69,0.7391304347826086,23.55894714993231,3.159505669751413,4.23410650459726,12.144927536231885,热水器,0.7694969950143051,8.681299925094997,-1.0773328104245152,0,1,0
P0054,1,5.904047895110382,366.51809593844587,0.1750225986298628,-0.12395735897345746,20.674835997520884,35,0.6285714285714286,23.56624231901905,3.1598152778071986,3.5553480614894135,9.228571428571428,书籍,0.10851401115051494,,-0.7038317868287302,1,0,0
P0054,2,5.362865891150996,213.33546741662354,11.605714856405605,-0.07659201601323176,24.633494623020187,21,1.0,35.00983134210347,3.5556289175343325,3.044522437723423,12.428571428571429,书籍,7.195543210971475,0.1750225986298628,-0.7278872087449973,1,0,0
P0054,3,5.266558427582956,193.7480158841248,-3.1153859666090975,-0.24127926389977908,25.699151940756227,19,0.2631578947368421,17.56234979514222,2.8657573944676242,2.9444389791664403,27.842105263157894,书籍,-1.9315392992976403,11.605714856405605,-3.124543080028069,1,0,0
P0054,4,4.56235994688411,95.80931814386172,7.4218352173774145,0.14675997574332592,26.756750747885306,36,1.0,34.607764330405764,3.544078059502062,3.58351893845611,19.166666666666668,书籍,4.601537834773997,-3.1153859666090975,15.292974431861115,1,0,0
P0054,5,4.956982554668284,142.164175417357,13.278979796593157,-0.003781208320035756,28.857837455101418,26,1.0,34.327648091332414,3.5359510962772167,3.258096538021482,21.384615384615383,书籍,8.232967473887758,7.4218352173774145,55.26213208407799,1,0,0
P0054,6,5.1866065981898934,178.86057615761257,2.624946808751307,-0.05896477826361304,21.10060905411167,31,0.8709677419354839,28.1139056016984,3.3362643152066473,3.4339872044851463,18.516129032258064,书籍,1.6274670214258102,13.278979796593157,-9.438268110208554,1,0,0
P0054,7,6.163658919479853,475.1634829633687,7.0470705281431885,0.1284157598791268,22.603070292818437,39,1.0,17.881308872077298,2.8837559702024635,3.6635616461296463,15.307692307692308,书籍,4.344383727448776,2.624946808751307,-14.66679592373548,1,1,1
P0054,8,5.57798210725133,264.53725902357814,0.5647946623131126,-0.07148333309793889,22.7872740841071,35,0.6857142857142857,24.51576563251692,3.1993164058011923,3.5553480614894135,13.714285714285714,书籍,0.32537269063412977,7.007070528143188,-1.001800755199108,1,1,1
P0054,9,5.572690695930347,263.1411804467549,7.181679266536642,-0.23791166029702276,18.204712472666152,17,0.9411764705882353,22.318847766067844,3.10543151279652,2.833213344056216,18.705882352941178,书籍,4.427841145252717,0.5247946623131126,-46.36021202289158,1,1,1
P0054,10,5.606297400423581,272.1347642566151,3.4465428962539804,-0.06815293072097013,19.525753785457745,35,0.9714285714285714,36.639713680753744,3.6011327253854883,3.5553480614894135,10.342857142857143,书籍,2.1120565956774677,7.1416792665366415,-17.613389818887402,1,1,1
P0054,11,6.597156526396,733.0079344082952,10.280605552156873,0.1269274449446194,17.42003208651675,25,1.0,29.533538280430726,3.3855265084368176,3.2188758248682006,17.24,书籍,6.349175442337262,3.4065428962539803,-74.51249478683101,1,1,1
P0054,12,5.7575124013116215,316.5598747164831,-0.7426273743492272,-0.20989893218234262,21.975761099958014,22,0.5,16.997024568103196,2.833038303331788,3.091042453358316,19.545454545454547,书籍,-0.4852289720965209,10.240605552156874,2.12909983148524,1,1,1
P0055,1,6.620535441545077,750.3467563963408,9.01497672328318,0.40952995013601556,22.452183079404843,59,0.9830508474576272,27.07448275220574,3.2985916884462365,4.07753744390572,13.440677966101696,酒店,5.589285568435572,,-20.229874089919686,0,0,0
P0055,2,6.048389989614779,423.43075304579094,4.385961161937147,0.34702085998627064,27.965380072455208,35,0.8857142857142857,36.801959208727574,3.6055510831253175,3.5553480614894135,11.942857142857143,酒店,2.719295920401031,9.01497672328318,14.338441470993779,0,0,0
P0055,3,6.3297871080749495,561.0371408612103,12.729773573702184,0.211468737675068,25.912190746717496,62,1.0,50.35820496874079,3.919161564552417,4.127134385045092,13.548387096774194,酒店,7.892459615695354,4.385961161937147,15.479126202373777,0,0,0
P0055,4,6.2101485703783785,497.77520044322125,9.01846794707024,0.5498905848870961,27.733806720106404,48,1.0,16.872051680653005,2.8256585062735486,3.871201010907891,16.854166666666668,酒店,5.591450127183549,12.729773573702184,27.39444501291893,0,0,0
P0055,5,6.274172979149474,530.6873107515067,7.673989781074369,0.25150905876829444,25.425084709409592,70,0.9714285714285714,25.993138587975828,3.2578326027311593,4.248495242049359,12.014285714285714,酒店,4.757873664266109,9.01846794707024,5.593356952990358,0,0,0
P0055,6,6.454013995276982,635.2470607537791,9.160195103662629,0.3866039165943584,28.04775156324935,54,1.0,18.565928977202784,2.921328125547758,3.9889840465642745,10.88888888888889,酒店,5.67932096427083,7.673989781074369,30.700750602349657,0,0,0
P0055,7,6.314029433743115,552.2657898500613,3.714511242544907,0.2670735384406886,28.187559658000126,51,0.803921568627451,31.19861742816006,3.4403737806335797,3.9318256327243257,13.72549019607843,酒店,2.3029969703778423,9.160195103662629,12.968647818057823,0,1,0
P0055,8,6.798000733955413,896.0540492286472,8.681408673190244,0.3761558885665412,25.701949577350106,65,1.0,14.336187571933069,2.6627869401266864,4.174387269895637,15.246153846153845,酒店,5.382473377377951,3.714511242544907,8.731213529951198,0,1,0
P0055,9,7.312747226652899,1499.2904272280161,16.768718666523412,0.37076055977578454,21.549586308370518,44,1.0,25.68454251261609,3.245889352299289,3.784189633918261,17.681818181818183,酒店,10.396605573244516,8.681408673190244,-52.76489139647222,0,1,0
P0055,10,6.85862348462853,952.0556458712109,6.84938413273871,0.44475107644598455,26.83291309739335,81,0.9629629629629629,28.364754892131504,3.345147349533069,4.330733340286331,21.0,酒店,4.246618162298001,16.768718666523412,14.635082334804775,0,1,0
P0055,11,5.795496250971885,328.815318422129,11.991231221635992,0.40087845059275834,31.95525355460396,65,1.0,21.579870132268162,3.0717609418446963,4.174387269895637,13.046153846153846,酒店,7.434563357414315,6.84938413273871,87.04483827407883,0,1,0
P0055,12,6.822809144650856,918.5617620124436,-0.3645974646467252,0.6263255356939381,21.874881145567173,48,0.5416666666666666,28.11624301356302,3.3363474525243864,3.871201010907891,17.520833333333332,酒店,-0.22605042808096962,11.991231221635992,1.0286503031166907,0,1,0
P0056,1,4.587931757578117,98.29093031921134,17.368081651142923,1.0615417167368024,27.272306049734574,14,1.0,38.80560296786553,3.658564642591916,2.6390573296152584,13.785714285714286,手机,10.768210623708612,,44.74180099952212,1,0,0
P0056,2,4.04177293446958,56.92718155123928,16.4012811196155,0.8181845212402514,33.013438915518584,12,1.0,24.85053497413125,3.212879280444965,2.4849066497880004,16.333333333333332,手机,10.16879429416161,17.368081651142923,136.41316658079654,1,0,0
P0056,3,5.6386164822506295,281.07357906119836,11.094452637891049,0.6211926986078724,14.206254743618935,13,1.0,21.195986758784123,3.0538118599267974,2.5649493574615367,11.923076923076923,手机,6.87856063549245,16.4012811196155,-116.38034085155823,1,0,0
P0056,4,6.3032800415874854,546.3610612795395,13.16425150342501,0.7641610703264159,12.982350153686639,17,1.0,37.80129334478521,3.6323433175107143,2.833213344056216,11.117647058823529,手机,8.161835932123505,11.094452637891049,-154.20423160512144,1,0,0
P0056,5,5.76578046582211,319.1880622219053,7.6037583823349735,0.9610777034274388,21.043270998108255,12,1.0,41.98830325333402,3.737391085528484,2.4849066497880004,37.0,手机,4.714330197047683,13.16425150342501,-27.77608549037125,1,0,0
P0056,6,5.148037201226138,172.0933739348469,-1.1431722858801305,0.6557893053522779,23.79358394734261,13,0.3076923076923077,19.39810650238237,2.9651754583358216,2.5649493574615367,13.23076923076923,手机,-0.7087668172456809,7.6037583823349735,1.0318600849368003,1,0,0
P0056,7,2.0911758443895576,6.26573095337609,13.629607138082068,0.9043997420117115,39.130673654705305,13,1.0,61.9825870722959,4.008329516072456,2.5649493574615367,10.384615384615385,手机,8.425556425610884,-1.1431722858801305,196.15865468884454,1,1,1
P0056,8,6.0832419972478124,438.44834135662956,6.9150071648920175,0.8775315297104064,17.042774710753655,12,1.0,19.95021441587779,2.993239890941164,2.4849066497880004,10.5,手机,4.262504442233051,13.58960713808207,-52.61744047363619,1,1,1
P0056,9,4.136988777641837,62.613992634555494,22.35602664415251,0.9727105921951416,31.15000688978576,22,1.0,13.278476538879758,2.5861444190097727,3.091042453358316,20.545454545454547,手机,13.835936519374558,6.8750071648920175,144.02304484305233,1,1,1
P0056,10,4.036765945060752,56.64286014726024,13.44380361601666,0.9680817060767983,28.726605766743425,22,1.0,23.477058311452087,3.1560237022495965,3.091042453358316,9.227272727272727,手机,8.31035824193033,22.31602664415251,54.02259821184523,1,1,1
P0056,11,5.610605471804488,273.30966921634035,17.24745186791698,1.2149400676865787,23.1173751773626,21,1.0,21.101244575018445,3.0493320233405283,3.044522437723423,8.523809523809524,手机,10.668620158108528,13.403803616016662,-27.167769330260015,1,1,1
P0056,12,6.247874653464458,516.9130370349724,0.1995944605497864,0.9050926933983873,17.472736587993786,35,0.45714285714285713,23.773123172175477,3.1685556640820125,3.5553480614894135,10.714285714285714,手机,0.09894856554086758,17.20745186791698,-1.152826760889565,1,1,1
P0057,1,2.9975405790340215,20.036198829006956,10.925771800662073,-0.4835027839242973,31.00079798880173,9,1.0,17.212565407088334,2.8456396640236368,2.1972245773362196,11.0,热水器,6.773978516410485,,68.88246101902672,0,0,0
P0057,2,3.510053992604803,33.45007379180381,4.953274225990409,-0.4164290470013054,26.26162387435646,11,0.9090909090909091,30.26739019545592,3.4100709017896236,2.3978952727983707,23.181818181818183,热水器,3.0710300201140535,10.925771800662073,7.753911210985501,0,0,0
P0057,3,2.616385629951793,13.6861672086519,4.4355468314285025,-0.5509758808289354,33.82485717739903,12,0.9166666666666666,35.52299699018635,3.5701802892883374,2.4849066497880004,17.0,热水器,2.7500390354856714,4.953274225990409,40.490530434381526,0,0,0
P0057,4,5.177940286383586,177.31721193209302,-8.26482064992589,-0.4303875163250453,16.314089004630787,6,0.0,13.720757286457625,2.618909816580456,1.997987392178877,18.0,热水器,-5.124188802954051,4.4355468314285025,69.27674836037338,0,0,0
P0057,5,4.795330465631368,120.94434312847737,3.637911412333641,-0.4333561551629766,19.70628194059719,13,0.7692307692307693,29.46787707782332,3.383300757433535,2.5649493574615367,8.76923076923077,热水器,2.2555050756468575,-8.26482064992589,-18.152925771444487,0,0,0
P0057,6,3.2366076979116647,25.44725040113313,2.2951098853574146,-0.43866301525028845,27.962971280964315,19,0.8947368421052632,15.452787586472999,2.7377894133778176,2.9444389791664403,16.0,热水器,1.422968128921597,3.637911412333641,7.4975700920132615,0,0,0
P0057,7,2.3268774088111384,10.245897779181547,22.414312854240574,-0.22138841548897303,34.57363268182211,9,1.0,17.56824140103415,2.8660928061841116,2.1972245773362196,24.666666666666668,热水器,13.896873969629155,2.2951098853574146,221.395583420903,0,1,0
P0057,8,3.3216854203497403,27.707009184883177,22.414312854240574,-0.2523107173158027,30.48532022641603,10,1.0,30.472325624985036,3.4168189151583594,2.302585092994046,14.5,热水器,13.896873969629155,22.414312854240574,129.75886899954259,0,1,0
P0057,9,2.0911758443895576,5.669872568623926,-7.441971267806395,-0.6267782149417986,38.09578503763163,12,0.16666666666666666,24.053928073337833,3.180298312667684,2.4849066497880004,13.75,热水器,-4.614022186039965,22.414312854240574,-99.71923292044497,0,1,0
P0057,10,6.264398267870259,525.5252653615781,-3.6134103865725526,-0.6022350644287586,12.443164196881131,9,0.0,12.187969459985236,2.500449355375758,2.1972245773362196,9.222222222222221,热水器,-2.240314439674983,-7.441971267806395,44.27529244532438,0,1,0
P0057,11,5.197628882197386,180.84293320717225,5.564231325087763,-0.5636246003908356,15.082527171309895,15,1.0,22.580349135432304,3.117080020755756,2.70805020110221,15.6,热水器,3.449823421554413,-3.6134103865725526,-53.492769732458534,0,1,0
P0057,12,3.905379719720844,49.668936606564074,3.0353572033948373,-0.632255066921528,22.1855502889612,16,0.6875,34.348715626416336,3.5365646271808435,2.772588722239781,10.625,热水器,1.8819214661047992,5.564231325087763,-7.620756996893041,0,1,0
P0058,1,6.44098655208974,627.0250876853197,6.092946446583763,-0.2785837813663465,17.87446636738021,24,0.9583333333333334,26.85110723395337,3.290307057868247,3.1780538303479458,14.166666666666666,蒙牛,3.777626796881933,,-41.564534599597756,1,0,0
P0058,2,5.842683053536965,344.7029575435638,-5.963702855405874,0.18602167553856386,21.908402320838817,16,0.0625,29.266155964153178,3.3764317618487216,2.772588722239781,11.25,蒙牛,-3.6974957703516416,6.092946446583763,16.625672251422955,1,0,0
P0058,3,7.435978916443274,1695.9170677827628,-0.9137357478370872,-0.1395042727785275,15.635535450138036,27,0.5185185185185185,18.952801816555304,2.9419517737156156,3.295836866004329,13.333333333333334,蒙牛,-0.566516163658994,-5.963702855405874,8.279064631244186,1,0,0
P0058,4,5.134616337198183,169.79916175396394,12.819239475693056,-0.08032304315619052,28.84438484783008,28,1.0,22.265065874291395,3.1030188974170048,3.332204510175204,13.964285714285714,蒙牛,7.947928474929695,-0.9137357478370872,53.176413153508705,1,0,0
P0058,5,5.318793896337973,204.13752244188004,2.985403761653138,-0.327240759972782,25.528744833306796,22,0.7727272727272727,27.63686666869017,3.319150630269805,3.091042453358316,14.5,蒙牛,1.8509503322249456,12.819239475693056,2.4854447963048187,1,0,0
P0058,6,6.039915747985401,419.8576595428125,10.95271842472364,0.024331291594790944,18.081314128025106,26,1.0,35.67547904762607,3.5744635913771887,3.258096538021482,15.346153846153847,蒙牛,6.790685423328657,2.985403761653138,-72.45112060906906,1,0,0
P0058,7,5.750256611020885,314.2712954172718,13.747943416542139,-0.1654263991712968,25.985852516829013,28,1.0,19.81334900494339,2.9863559027039037,3.332204510175204,9.571428571428571,蒙牛,8.498924918256126,10.95271842472364,17.678310710495037,1,1,1
P0058,8,3.900087026098859,49.406748595031104,0.6258635481458475,-0.3165878178016377,34.91200689521893,25,0.48,37.3233815798399,3.6196199822665496,3.2188758248682006,12.52,蒙牛,0.36323539985042547,13.70794341654214,5.9850614802268405,1,1,1
P0058,9,5.072381699146745,159.55388451899555,9.03956050384715,-0.031863949177830475,26.956898911316916,27,1.0,35.53162986895249,3.5704232820163333,3.295836866004329,15.592592592592593,蒙牛,5.579727512385234,0.5858635481458475,20.345183043855723,1,1,1
P0058,10,5.45460339404971,233.83211346900714,-0.21376553301711135,-0.24586738329189045,21.93667112771372,19,0.5263157894736842,24.73123175826483,3.2080668885527337,2.9444389791664403,23.473684210526315,蒙牛,-0.15733463047060903,8.999560503847151,0.700276518097763,1,1,1
P0058,11,5.280807769391148,196.5285610085309,18.075087505952737,-0.1798483305374577,22.532658718229406,16,1.0,17.750027969691157,2.8763870916774317,2.772588722239781,9.5625,蒙牛,11.181754253690698,-0.25376553301711136,-39.01988397247573,1,1,1
P0058,12,4.377823568758646,79.66446036833915,4.4509666431979324,-0.38388463347409946,29.987438411963478,26,0.6923076923076923,27.940239669018872,3.3300679317812474,3.258096538021482,16.346153846153847,蒙牛,2.734799318782718,18.03508750595274,23.339420462593825,1,1,1
P0059,1,4.965350121686115,143.3587344893789,7.727171424030878,0.5349170841796892,24.044701525022305,32,1.0,13.188772589368911,2.5793659062482766,3.4657359027997265,10.28125,洗发水,4.790846282899144,,-5.03433792848894,0,0,0
P0059,2,3.9278008361963033,50.79514789761903,22.085742831948306,0.5644076890707763,28.897186847819313,30,1.0,37.04492715211201,3.612131423396502,3.4011973816621555,11.7,洗发水,13.69316055580795,7.727171424030878,92.78163640228003,0,0,0
P0059,3,4.461704403879946,86.63504443658744,7.186387423999386,0.29111141484802383,30.366350032528974,26,0.9615384615384616,19.299672367537518,2.9600881199914917,3.258096538021482,12.538461538461538,洗发水,4.455560202879619,22.085742831948306,40.74780418171389,0,0,0
P0059,4,4.166669390986612,64.5002687839851,9.924015763730745,0.43474705487294707,29.103264403267335,38,1.0,18.659699009977608,2.926366065062824,3.6375861597263857,16.394736842105264,洗发水,6.152889773513062,7.186387423999386,43.735651352106146,0,0,0
P0059,5,5.651649664811036,284.7608384985151,7.393657574742646,0.39081129968082967,18.83386617509832,28,0.9642857142857143,26.779582151108634,3.2876397371207093,3.332204510175204,13.714285714285714,洗发水,4.5840676963404405,9.924015763730745,-43.34418221049273,0,0,0
P0059,6,4.917828300775125,136.70540755503447,9.378495218327764,0.09529152157800147,22.277206579097584,45,0.9777777777777777,23.814946258596592,3.170313377630357,3.8066624897703196,10.022222222222222,洗发水,5.814667035363214,7.393657574742646,-22.686636603412456,0,0,0
P0059,7,4.443256315772947,85.05144560127341,7.9099844617945685,0.41639527730302217,29.352282288680946,33,1.0,14.22359340814368,2.6549020934462093,3.4965075614664802,9.787878787878787,洗发水,4.9041903663126325,9.378495218327764,36.82943871905495,0,1,0
P0059,8,3.996093828909747,54.38529631007973,5.980899223069412,0.39028480349776357,32.826501435476445,29,1.0,15.726637518146733,2.755355931864178,3.367295829986474,10.89655172413793,洗发水,3.708157518303035,7.9099844617945685,48.62643804979869,0,1,0
P0059,9,4.784186931262882,119.60407720315855,-3.8330403539325926,0.23012427761757678,25.137528952835112,42,0.21428571428571427,22.86430525071606,3.1295769718120052,3.7376696182833684,13.642857142857142,洗发水,-2.3764850194382072,5.980899223069412,-1.6915833061885628,0,1,0
P0059,10,4.83489772648292,125.82571391048923,5.6048415666859235,0.07742235702658434,19.528046529169636,41,0.9512195121951219,31.082254241709844,3.436637053168796,3.713572066704308,13.21951219512195,洗发水,3.4750017713452723,-3.8330403539325926,-28.96675213880736,0,1,0
P0059,11,4.204314838360488,66.97469345142594,12.161640392828211,0.1610559622933095,27.64600435899952,52,1.0,13.953642977014999,2.6357406194806092,3.9512437185814275,14.01923076923077,洗发水,7.540217043553491,5.6048415666859235,35.874306343084314,0,1,0
P0059,12,5.718792281269988,304.53690584589174,9.302733454180474,0.2549463100125399,23.871555830071795,51,1.0,15.979143643936668,2.771284349661665,3.9318256327243257,9.431372549019608,洗发水,5.767694741591894,12.161640392828211,-7.671562323458506,0,1,0
P0060,1,5.921089480104949,372.81767012977645,18.167436165283313,0.9612425425400806,21.779229547898048,13,1.0,18.543188497331293,2.920102524710787,2.5649493574615367,15.0,衣服,11.263810422475654,,-52.994103788043425,1,0,0
P0060,2,4.550072998537544,94.63931659447945,12.445388470084142,0.7784447504202531,27.756032820987432,14,1.0,18.697785835694923,2.928405112341881,2.6390573296152584,28.785714285714285,衣服,7.716140851452168,18.167436165283313,38.080651029061215,1,0,0
P0060,3,6.097578252036667,444.7793213284995,2.412586294298944,0.6333623136477552,17.54315813050737,15,0.8,32.12729728259795,3.469706051400961,2.70805020110221,26.066666666666666,衣服,1.4958035024653453,12.445388470084142,-17.257361227763038,1,0,0
P0060,4,7.35092694379274,1557.6397033168585,5.486894939652591,0.9063125553015755,12.936233524543603,12,0.9166666666666666,17.37971389305658,2.8553036578522994,2.4849066497880004,7.333333333333333,衣服,3.4018748625846063,2.412586294298944,-64.52576979846711,1,0,0
P0060,5,3.63261695311155,37.81163853974425,14.086142433293706,1.0056747822833276,35.44757493116277,20,1.0,28.36228994471371,3.3450604439864664,2.995732273553991,23.25,衣服,8.733408308642097,5.486894939652591,151.445220843399,1,0,0
P0060,6,6.873198371549152,966.0333636433306,4.094062187179418,0.9287545470892631,16.206267628030005,12,1.0,12.969849771223366,2.562627415472017,2.4849066497880004,9.916666666666666,衣服,2.538318556051239,14.086142433293706,-34.75836276971264,1,0,0
P0060,7,3.3954377617174303,29.827708046035106,15.191157818602672,0.6948034395389675,37.521731350569695,19,1.0,24.700833271917702,3.2068369787700655,2.9444389791664403,10.052631578947368,衣服,9.393717847533658,4.094062187179418,194.32145836693726,1,1,1
P0060,8,5.106206889567031,165.04313922335305,22.454312854240573,0.8169772937058828,22.805355232277375,12,1.0,19.404835666558846,2.965522296171707,2.4849066497880004,7.916666666666667,衣服,13.896873969629155,15.151157818602673,-42.38226908869708,1,1,1
P0060,9,6.759619500583389,862.3140233756606,14.949034837547137,0.7393705175691295,15.70911559849091,13,1.0,14.315937968690353,2.6613734598886887,2.5649493574615367,10.76923076923077,衣服,9.243601599279225,22.414312854240574,-133.98894260705853,1,1,1
P0060,10,3.027319035153584,20.64181835140242,11.659300463415798,1.03975954284039,39.130673654705305,14,1.0,19.343547694025528,2.9623589113630016,2.6390573296152584,13.785714285714286,衣服,7.203966287317796,14.909034837547138,167.71833977025352,1,1,1
P0060,11,4.748019416222314,115.35558672064009,19.548897417318155,0.9779041553822588,27.223473732279956,22,1.0,37.32701753372135,3.619717395111692,3.091042453358316,9.090909090909092,衣服,12.095516398737256,11.619300463415799,49.30407775358173,1,1,1
P0060,12,4.660356348188355,105.67373209100545,12.17669306685829,0.9061032146633604,24.457478267935837,18,1.0,27.684971547670816,3.320889722557979,2.8903717578961645,13.5,衣服,7.52474970145214,19.508897417318156,-2.8974455758394737,1,1,1
P0061,1,7.119177188913612,1235.433486776089,-0.4324270943680593,0.49833158188563875,15.433477093604656,7,0.5714285714285714,18.223552970925233,2.9027148767137376,1.997987392178877,12.142857142857142,手机,-0.2681047985081968,,4.005457810302983,0,0,0
P0061,2,6.319678108046386,555.3941867550886,18.59240987046385,0.31864454984509316,17.35327075867312,7,1.0,19.404699068878756,2.96551525678404,1.997987392178877,7.857142857142857,手机,11.527294119687587,-0.4324270943680593,-136.52298477190686,0,0,0
P0061,3,6.748953315871889,853.1653004428013,4.210292489051058,0.513437562090306,16.380428521841427,10,1.0,23.330193872965843,3.1497483960273507,2.302585092994046,9.2,手机,2.6103813432116563,18.59240987046385,-35.0118833360969,0,0,0
P0061,4,5.045076606669751,155.25619240266306,15.192810187680301,0.5539467153724357,25.475166006073152,9,1.0,19.17189676041829,2.9534454963683383,2.1972245773362196,16.333333333333332,手机,9.419542316361786,4.210292489051058,11.834490914221712,0,0,0
P0061,5,5.394867952815598,220.2730587388133,10.51743071943866,0.6970044987884306,24.56942292683016,14,1.0,25.213034067231074,3.227361085692811,2.6390573296152584,12.642857142857142,手机,6.52080704605197,15.192810187680301,-1.3335018314628528,0,0,0
P0061,6,4.44260493798422,84.99606301816009,-0.4138317715336939,0.7285330022493485,36.01212565303652,9,0.3333333333333333,16.05327934813748,2.775913149461611,2.1972245773362196,12.11111111111111,手机,-0.2565756983508902,10.51743071943866,-4.682884336289806,0,0,0
P0061,7,6.785984671572131,885.3514382698665,4.03948622130265,0.6555561737105741,16.382117314150626,17,0.9411764705882353,25.83836474348695,3.2518603929911056,2.833213344056216,28.11764705882353,手机,2.504481457207643,-0.4138317715336939,-33.58467343733923,0,1,0
P0061,8,6.776453325274933,876.9529352186383,8.110202823193639,0.5335384801214791,15.00984551159664,11,0.9090909090909091,18.02626741219277,2.8918299948290636,2.3978952727983707,27.0,手机,5.028325750380056,4.03948622130265,-78.5584018826425,0,1,0
P0061,9,6.842172127048551,936.5211699757423,9.298231722224855,0.6395763141455298,12.443164196881131,10,1.0,36.50069633360765,3.5973313380395564,2.302585092994046,8.9,手机,5.76490366777941,8.110202823193639,-113.93168355736988,0,1,0
P0061,10,5.307316812442036,201.80801253171177,1.369482118632049,0.6677612092861974,21.360741900267683,12,0.6666666666666666,41.80787035962049,3.7330846079224274,2.4849066497880004,21.5,手机,0.8490789135518704,9.298231722224855,-4.567867510187212,0,1,0
P0061,11,6.257106733534727,521.7073161145769,6.292838792514624,0.604227828811482,14.828126261682632,10,1.0,29.23075947494124,3.375221561506829,2.302585092994046,9.5,手机,3.901560051359067,1.369482118632049,-62.09827665404051,0,1,0
P0061,12,6.730639916253864,837.6831415359658,13.765320702670376,0.46202297147855476,14.758122685292195,9,1.0,26.329462448575025,3.270688557370263,2.1972245773362196,15.0,手机,8.534498835655633,6.292838792514624,-136.80099514628182,0,1,0
P0062,1,4.054096666853107,57.63307760511669,8.678811707431919,-0.9762013047646025,20.312958110403855,9,1.0,35.880105145928155,3.580182967674823,2.1972245773362196,11.11111111111111,酒店,5.38086325860779,,-38.04144056906841,1,0,0
P0062,2,4.484843234036267,88.6630503748918,-8.1868850473309,-0.9924570316980071,14.778666319211728,8,0.0,20.221679999124078,3.006755296150967,2.0794415416798357,5.25,酒店,-5.075868729345158,8.678811707431919,81.19381152984334,1,0,0
P0062,3,3.480725651916782,32.483285083643274,-5.447348243728352,-0.9597255047362246,22.977220524733788,9,0.0,28.984959027214856,3.366777041204872,2.1972245773362196,13.88888888888889,酒店,-3.3773559111115783,-8.1868850473309,9.363948580252254,1,0,0
P0062,4,3.05199582008342,21.157528933351607,4.209013837412964,-1.1520330472998592,25.89158543833421,11,0.7272727272727273,15.43802498431247,2.736833620890938,2.3978952727983707,10.909090909090908,酒店,2.609588579196038,-5.447348243728352,5.031340726188536,1,0,0
P0062,5,2.6701194194941706,14.441693709588137,-8.26482064992589,-1.114669415174237,25.79204221174867,20,0.0,38.54991373886109,3.6519538623638024,2.995732273553991,14.95,酒店,-5.124188802954051,4.209013837412964,-9.0568350248458,1,0,0
P0062,6,3.5286526505389793,34.07802166495675,6.543265510254503,-1.0479902157727514,21.12654549216482,19,1.0,36.34954485507982,3.59318168272039,2.9444389791664403,14.105263157894736,酒店,4.056824616357792,-8.26482064992589,-23.357279811609107,1,0,0
P0062,7,4.753264315384786,115.9622045749371,1.401052753715646,-0.7919120640907976,12.705523334867756,12,0.8333333333333334,17.22705780917301,2.8464812761893157,2.4849066497880004,15.166666666666666,酒店,0.8438527073037005,6.543265510254503,-16.319960672756853,1,1,1
P0062,8,4.110727459725645,60.99106998240545,4.61787465714638,-0.9686432433682037,18.98928613003335,9,0.6666666666666666,21.086024320466763,3.0486104665481344,2.1972245773362196,18.11111111111111,酒店,2.838282287430755,1.361052753715646,-26.125594156280776,1,1,1
P0062,9,2.0911758443895576,2.708798808625487,-8.22482064992589,-0.9191874755500301,37.46579352361433,15,0.0,18.014840754674964,2.8911959045648152,2.70805020110221,9.933333333333334,酒店,-5.124188802954051,4.5778746571463795,-105.53829592925256,1,1,1
P0062,10,3.557226881957832,35.06582052951167,-8.22482064992589,-0.8087490690168583,20.28038427876503,12,0.0,32.13797951314206,3.4700384931541164,2.4849066497880004,16.25,酒店,-5.124188802954051,-8.26482064992589,36.49602927500522,1,1,1
P0062,11,3.3976531186671823,29.893860314738962,-6.305038487979432,-0.9269064773198804,24.973548169690396,10,0.0,17.53429614969024,2.8641587430482964,2.302585092994046,11.0,酒店,-3.9339238625472475,-8.26482064992589,-1.7597047262464864,1,1,1
P0062,12,4.54146313441284,93.82798268709013,-1.6833608796275192,-0.9779212369973512,15.405163017424265,13,0.3076923076923077,23.174007081359466,3.1430312661482884,2.5649493574615367,14.0,酒店,-1.0684837453690619,-6.345038487979432,16.011831418643393,1,1,1
P0063,1,6.908271172790835,1000.5160269047957,7.707487955557616,0.73548376220734,22.121468510776022,58,1.0,16.314075320641766,2.792028251800535,4.060443010546419,23.0,水果,4.778642532445722,,-19.844809223391994,0,0,0
P0063,2,5.82882222702682,339.95804978983216,12.17145570700837,0.40802594790200875,24.05386252297838,27,1.0,44.1531281390307,3.787663777066224,3.295836866004329,13.0,水果,7.54630253834519,7.707487955557616,-7.818335774670811,0,0,0
P0063,3,5.474403355488936,238.50811990900976,9.340785140329949,0.6598279367049493,27.664166711119048,34,1.0,25.396774179593603,3.2346221651558045,3.5263605246161616,11.588235294117647,水果,5.791286787004569,12.17145570700837,27.723021455866252,0,0,0
P0063,4,4.9291362367308125,138.26003680671016,16.010025496368993,0.5744816057577478,30.340001701659077,45,1.0,63.64566006394354,4.008329516072456,3.8066624897703196,12.28888888888889,水果,9.926215807748775,9.340785140329949,90.35720706668388,0,0,0
P0063,5,6.036957747989185,418.61755560541263,5.556249214998706,0.451144504840422,24.161240020263115,56,0.8928571428571429,21.975954360383685,3.089948871997209,4.02535169073515,17.160714285714285,水果,3.444874513299198,16.010025496368993,-2.9724410966371595,0,0,0
P0063,6,6.492422884964453,660.1208240211058,16.36729799035475,0.5298928660573319,20.560837365004275,46,1.0,19.548632280943146,2.972905323929997,3.828641396489095,11.826086956521738,水果,10.147724754019945,5.556249214998706,-67.68491912785937,0,0,0
P0063,7,5.543489757078572,255.5683164012952,11.784204932179673,0.6111804668723086,25.008941806802742,51,1.0,34.722030139411665,3.547374359839991,3.9318256327243257,13.411764705882353,水果,7.306207057951397,16.36729799035475,3.6852648058261686,0,1,0
P0063,8,5.80322601069212,331.3668304089376,15.16446852366791,0.3246149502891681,23.607654117400912,29,1.0,21.650274024344057,3.075018111381982,3.367295829986474,11.413793103448276,水果,9.401970484674104,11.784204932179673,-16.50741117422603,0,1,0
P0063,9,6.271243725266177,529.1350674529489,10.673174434752385,0.30183276536403836,26.756416447276315,41,0.975609756097561,21.09510731856358,3.049041132956752,3.713572066704308,12.707317073170731,水果,6.617368149546478,15.16446852366791,21.98891480179363,0,1,0
P0063,10,6.5756732455953735,717.4284673534806,5.577981521768504,0.6748983115083076,21.40809845823999,43,0.9767441860465116,24.74005890441979,3.20842374790006,3.7612001156935624,16.88372093023256,水果,3.4583485434964727,10.673174434752385,-18.34104004510233,0,1,0
P0063,11,5.177973180395631,177.32304470252916,13.581521709311627,0.660149128168688,29.82453167640683,30,1.0,35.65008132956167,3.573751428191831,3.4011973816621555,17.266666666666666,水果,8.420543459773208,5.577981521768504,69.65037657412526,0,1,0
P0063,12,5.966477019476836,390.1288306116651,9.684414455724419,0.4452766747690414,24.64694571204343,30,0.9666666666666667,45.671890638906596,3.821483024170271,3.4011973816621555,13.666666666666666,水果,6.004336962549139,13.581521709311627,-0.477121171818853,0,1,0
P0064,1,5.719263433127169,304.6804227811414,4.352914788711497,0.11463243469372099,20.176639113661178,52,0.9423076923076923,14.948993151875602,2.7046439498681085,3.9512437185814275,13.461538461538462,手机,2.698807169001128,,-19.67331836169937,1,0,0
P0064,2,5.039293081490778,154.3608559009981,6.628273371190715,0.49149363704711946,25.147498207951937,39,0.9230769230769231,25.612912224124074,3.2430966080816335,3.6635616461296463,13.461538461538462,手机,4.109529490138243,4.352914788711497,2.9912442343257184,1,0,0
P0064,3,5.588324134460345,267.287306576025,17.000292023000515,0.04860319093283097,20.037308873589676,38,1.0,41.69118245884804,3.7302896546194804,3.6375861597263857,16.68421052631579,手机,10.54018105426032,6.628273371190715,-79.20272422449159,1,0,0
P0064,4,5.525304031522069,250.96262697259465,8.268024892526764,0.2990285051227141,24.91097602336608,48,1.0,19.537251934525976,2.9723229987777233,3.871201010907891,11.75,手机,5.126175433366594,17.000292023000515,1.775669151190685,1,0,0
P0064,5,5.44157752775007,230.80599928917152,6.718415578429643,0.16978923271211654,26.229450894196248,104,0.9615384615384616,21.092317643518726,3.048908881459941,4.330733340286331,13.60576923076923,手机,4.165417658626379,8.268024892526764,10.300931895555467,1,0,0
P0064,6,5.189258049160321,179.3354454739899,14.96893675851946,0.357204807102085,25.107702767638425,52,1.0,20.966767676560977,3.0429386926686983,3.9512437185814275,14.884615384615385,手机,9.280740790282065,6.718415578429643,6.159569971689731,1,0,0
P0064,7,5.787892900283721,326.3247007630058,7.942814186732685,0.32694084985571575,21.773676796579533,58,1.0,24.601365054601615,3.2028019314232585,4.060443010546419,14.310344827586206,手机,4.899744795774264,14.96893675851946,-23.096257579794074,1,1,1
P0064,8,5.410680878003021,223.78390535837195,14.20708825787663,0.3429356112022798,26.61575024391105,53,1.0,29.12968899580469,3.371757894491579,3.970291913552122,20.90566037735849,手机,8.783594719883512,7.902814186732685,27.194258908541574,1,1,1
P0064,9,4.905682939191875,135.0551129484213,1.7808488111250493,0.25217049081393716,25.707224140055196,60,0.7833333333333333,27.281254775463495,3.3061998280854867,4.0943445622221,13.05,手机,1.0793262628975306,14.167088257876632,1.7600181998069735,1,1,1
P0064,10,4.823450855643567,124.39361537595362,8.566609534021312,0.2183834892623954,27.511118716134664,59,0.9830508474576272,16.831477333736927,2.8232507841326435,4.07753744390572,17.728813559322035,手机,5.286497911093214,1.7408488111250493,24.001605142399754,1,1,1
P0064,11,4.98037492277827,145.5289335386798,5.644619242020288,0.5093895266294914,26.687537918354835,47,0.8936170212765957,36.16463230960005,3.5880816332261958,3.8501476017100584,10.063829787234043,手机,3.4748639300525785,8.526609534021313,11.160620074897032,1,1,1
P0064,12,4.0104768324387665,55.17317265059075,7.190770335954534,0.21578886046957418,30.833559721085447,76,0.9868421052631579,16.70582671042206,2.8157575633852705,4.330733340286331,13.855263157894736,手机,4.4334776082918115,5.604619242020288,43.886759579925254,1,1,1
P0065,1,6.294722970146372,541.7057569378715,1.5754871471918832,-0.2653582183197096,14.417433493876917,19,0.631578947368421,15.79953559299796,2.7599805467527125,2.9444389791664403,8.421052631578947,书籍,0.9768020312589676,,-16.1940844046691,0,0,0
P0065,2,6.078848227084137,436.52612609449477,5.801425533925241,-0.07798776381408387,22.504950408268545,22,1.0,18.824721940916877,2.9351710028420417,3.091042453358316,13.863636363636363,书籍,3.5968838310336495,1.5754871471918832,-12.712444556378154,0,0,0
P0065,3,3.5352221932574444,34.30263568189476,4.651423831206563,-0.3809442311753559,34.111105487136356,30,0.8,36.17196482694505,3.588284366494289,3.4011973816621555,16.933333333333334,书籍,2.883882775348069,5.801425533925241,43.792657042666484,0,0,0
P0065,4,4.862418531361476,129.3366288412016,6.183684482712395,-0.2142338999590425,26.87746912752542,34,0.9411764705882353,30.572540807713946,3.420102246865482,3.5263605246161616,17.441176470588236,书籍,3.833884379281685,4.651423831206563,13.488202008046526,0,0,0
P0065,5,4.378267730908009,79.69985216555072,3.093522950104672,-0.1697818426132976,29.738356565062904,20,0.9,15.9032554354231,2.7665238326351513,2.995732273553991,17.45,书籍,1.9179842290648965,6.183684482712395,15.597988006603671,0,0,0
P0065,6,4.527388360678274,92.51662523865753,-5.922398702960002,-0.5175024536802019,28.54430347893295,34,0.058823529411764705,39.02346031634051,3.664163011845866,3.5263605246161616,17.08823529411765,书籍,-3.671887195835201,3.093522950104672,-22.78992830190039,0,0,0
P0065,7,5.657714709763979,286.49317382035326,3.250332378626132,-0.34078222413765225,21.082651060549143,25,1.0,16.863817769308884,2.825170366400952,3.2188758248682006,10.52,书籍,2.015206074748202,-5.922398702960002,-11.745276144284153,0,1,0
P0065,8,4.315408038045968,74.84415647756084,10.63899583647569,-0.2997448394781741,30.138566891107857,35,1.0,21.587702699314633,3.0721238330900755,3.5553480614894135,13.114285714285714,书籍,6.596177418614928,3.250332378626132,57.90118441312845,0,1,0
P0065,9,6.200980005414488,493.232174519531,7.804974098393267,-0.3148986943076593,21.519343506207697,29,0.9310344827586207,16.855842464965463,2.824697330525933,3.367295829986474,15.689655172413794,书籍,4.8390839410038256,10.63899583647569,-24.795381160202993,0,1,0
P0065,10,4.241274250534173,69.49635120424357,-7.137531602932729,-0.5207162775032411,29.671235636063333,21,0.0,28.889593260747233,3.3634814354848586,3.044522437723423,23.476190476190474,书籍,-4.4252695938182915,7.804974098393267,-35.5093839905188,0,1,0
P0065,11,5.306349893968325,201.61297494417084,12.312130329497672,-0.10642033220225253,25.437621197598432,34,1.0,33.300829653388476,3.505582311192207,3.5263605246161616,14.882352941176471,书籍,7.6335208042885565,-7.137531602932729,9.128319014184191,0,1,0
P0065,12,4.085719183445115,59.484702784929006,12.614737599339758,-0.32425531830769316,33.70297043537162,30,1.0,21.110274081184954,3.049759845252257,3.4011973816621555,11.166666666666666,书籍,7.82113731159065,12.312130329497672,113.61788644059371,0,1,0
P0066,1,3.2890014960610365,26.816074327655745,22.414312854240574,0.45225010067252186,33.055772717951946,7,1.0,15.026116277409129,2.709789772331052,1.997987392178877,22.714285714285715,手机,13.896873969629155,,187.37379532179082,1,0,0
P0066,2,5.035968337171235,153.8484977241145,18.728354212636642,0.3037490619990321,19.712399949486073,8,1.0,28.9988333707681,3.367255600583079,2.0794415416798357,29.5,手机,11.611579611834719,22.414312854240574,-93.33860905416977,1,0,0
P0066,3,3.5828201404797553,35.974852060539185,13.890110333873213,0.4184500450421034,31.492862280519553,9,1.0,20.44644631865034,3.0178090932392063,2.1972245773362196,8.444444444444445,手机,8.611868407001392,18.728354212636642,94.40621366204118,1,0,0
P0066,4,6.0902603465455885,441.53634864665275,2.1608407084636174,0.46967199711042723,12.916853198121846,11,0.6363636363636364,18.29477537734977,2.9066155205794413,2.3978952727983707,15.818181818181818,手机,1.3397212392474427,13.890110333873213,-25.453319362036847,1,0,0
P0066,5,4.575123335247228,97.04000685213371,15.039347110929079,0.39418411444777596,23.83498159358582,6,1.0,35.017477992434905,3.5558473080575297,1.997987392178877,9.333333333333334,手机,9.324395208776028,2.1608407084636174,-12.952352374126178,1,0,0
P0066,6,5.796253199158686,329.064308805722,4.208536299523182,0.23244724761172797,18.24540519738843,9,0.8888888888888888,21.06219493948692,3.0474797244225016,2.1972245773362196,8.555555555555555,手机,2.6092925057043725,15.039347110929079,-27.148457206341067,1,0,0
P0066,7,5.731982512473893,308.5804269080776,3.3261130894301068,0.3578615506245316,17.37061368027305,12,0.75,13.823656200477313,2.6263813419953035,2.4849066497880004,23.0,手机,2.0373901154466663,4.208536299523182,-24.07274656925425,1,1,1
P0066,8,5.417495761504811,225.31417498510604,20.26868273709364,0.4767614708103481,21.520910429965284,17,1.0,20.891755048931028,3.039354585870579,2.833213344056216,26.41176470588235,手机,12.541783296998059,3.2861130894301067,-64.23218063048141,1,1,1
P0066,9,5.76108785818548,317.6937467438519,22.454312854240573,0.4367395210859675,14.438167595912173,11,1.0,32.15747864919223,3.470645041025624,2.3978952727983707,19.0,手机,13.896873969629155,20.228682737093642,-229.92703048032044,1,1,1
P0066,10,5.635028314953917,280.06684727800604,19.948400312795812,0.5759170555970073,18.185836803357027,10,1.0,14.693598645741504,2.6874119326656287,2.302585092994046,23.3,手机,12.343208193933403,22.414312854240574,-129.6111679778075,1,1,1
P0066,11,6.244042268664882,514.9358185202061,3.6935760604279078,0.3420195290810438,16.446941242860227,12,0.9166666666666666,14.735747225393872,2.690276325823066,2.4849066497880004,17.166666666666668,手机,2.265217157465303,19.908400312795813,-30.13934042560851,1,1,1
P0066,12,4.083782109978172,59.369588074296075,7.799497180066197,0.4847089420586802,25.857295824903634,11,1.0,43.05773511261513,3.7625418921463494,2.3978952727983707,7.090909090909091,手机,4.8108882516410425,3.6535760604279077,9.00942184127962,1,1,1
P0067,1,5.495955042125521,243.704162795729,12.40531485439895,-0.31322437141795767,26.429768733085954,18,1.0,47.69119273523357,3.8647467421721284,2.8903717578961645,14.777777777777779,蒙牛,7.6912952097273495,,21.505309379828073,0,0,0
P0067,2,6.662530425974248,782.5285645570037,2.375923850920509,-0.23147820740851643,16.304515529168622,22,0.8181818181818182,18.095265185017244,2.8956503120626302,3.091042453358316,13.045454545454545,蒙牛,1.4730727875707155,12.40531485439895,-19.938033271784718,0,0,0
P0067,3,6.619502929560229,749.5724142051582,14.496846884011433,0.014412972603460916,22.709641734627105,26,1.0,16.65250409967742,2.8125606014950737,3.258096538021482,9.961538461538462,蒙牛,8.988045068087088,2.375923850920509,-28.79901397375912,0,0,0
P0067,4,5.091057739396912,162.5617190821942,8.179472756930084,-0.17041958668979706,31.873341624514545,28,1.0,12.637821070055656,2.5366939901608054,3.332204510175204,16.464285714285715,蒙牛,5.071273109296651,14.496846884011433,58.7051311517039,0,0,0
P0067,5,5.252556672435128,191.05410734064176,8.367397156144845,-0.09444414765408177,25.190053662718366,26,1.0,50.42484371838872,3.9204839845471975,3.258096538021482,13.115384615384615,蒙牛,5.187786236809804,8.179472756930084,4.132164122419056,0,0,0
P0067,6,6.468047883100256,644.2248963651463,5.085568648775224,-0.23570098832051212,22.035665957021106,45,0.9777777777777777,18.480051339511355,2.9166918443217655,3.8066624897703196,13.8,蒙牛,3.153052562240639,8.367397156144845,-13.530392706364184,0,0,0
P0067,7,6.193647749942415,489.6288964299158,-2.6601158422861597,-0.13530048255987479,21.14881233061861,45,0.28888888888888886,35.818060197284765,3.5784522409865205,3.8066624897703196,15.333333333333334,蒙牛,-1.649271822217419,5.085568648775224,9.436495713167986,0,1,0
P0067,8,5.552268252254719,257.82169781210524,7.888958209831757,-0.17519863486080045,26.195187096280492,45,0.9777777777777777,43.1975158801784,3.7657829908230687,3.8066624897703196,14.088888888888889,蒙牛,4.891154090095689,-2.6601158422861597,11.825346987772127,0,1,0
P0067,9,7.2324243689218894,1383.5727320846413,7.367758900970391,-0.18813411906509545,17.013858616081578,28,1.0,33.89648994714987,3.523311467643616,3.332204510175204,23.285714285714285,蒙牛,4.568010518601643,7.888958209831757,-56.60173210511191,0,1,0
P0067,10,5.549209637446472,257.0343252977363,11.98863165443899,-0.12870635430916338,25.526867515690917,37,1.0,33.80607299803862,3.520640460847628,3.6109179126442243,18.64864864864865,蒙牛,7.432951625752174,7.367758900970391,9.958415556321311,0,1,0
P0067,11,5.881581606653009,358.375602948338,0.49767039255388484,-0.29483051449755615,23.88758064850716,38,0.631578947368421,23.28677477043281,3.147885593002956,3.6375861597263857,12.447368421052632,蒙牛,0.30855564338340863,11.98863165443899,-0.4024321915177528,0,1,0
P0067,12,4.887865589255526,132.6700991478704,4.7482579617940495,0.06025831708035137,28.754163428096714,27,0.9259259259259259,21.01310236891223,3.0451461654939624,3.295836866004329,10.666666666666666,蒙牛,2.9439199363123105,0.49767039255388484,19.268197225163426,0,1,0
P0068,1,4.506858533675843,90.63663885522135,12.988550989321322,0.11077129768129601,27.12900748254095,20,1.0,18.042551938667053,2.8927329646447566,2.995732273553991,20.45,蒙牛,8.05290161337922,,31.5984800969243,1,0,0
P0068,2,5.252473628117131,191.03824204136765,6.739810043116222,-0.03536923481820457,18.803110453152016,20,0.9,27.8690675889368,3.3275173852089344,2.995732273553991,13.65,蒙牛,4.178682226732057,12.988550989321322,-39.71838918051702,1,0,0
P0068,3,4.494650799227137,89.53689717170036,1.6095466205709184,0.08517439256733102,22.36540197780393,18,0.6111111111111112,34.45092609582906,3.5395358794155887,2.8903717578961645,9.833333333333334,蒙牛,0.9979189047539694,6.739810043116222,-3.751548395032409,1,0,0
P0068,4,3.6153548559961632,37.16453164289082,-1.562827161544,0.09880077773089034,27.64712095867598,28,0.39285714285714285,27.369107576348032,3.30941491661483,3.332204510175204,17.464285714285715,蒙牛,-0.9689528401572799,1.6095466205709184,-4.611759700292736,1,0,0
P0068,5,4.487096512430745,88.86305816267917,15.15212188790781,0.049997657973481366,22.244657780444854,30,1.0,30.38998160027002,3.4141130014750805,3.4011973816621555,11.233333333333333,蒙牛,9.394315570502842,-1.562827161544,-37.14625776920027,1,0,0
P0068,6,5.454720310613682,233.85945391450468,7.830486708656033,0.14484558795227603,23.53509422514308,36,0.9722222222222222,25.258894857119,3.229178365257377,3.58351893845611,16.88888888888889,蒙牛,4.85490175936674,15.15212188790781,-9.092122171214353,1,0,0
P0068,7,4.157889919150185,63.93646904415074,16.349213674546398,0.36304171473071456,27.109539089489758,34,1.0,22.05892600950193,3.0937173276674907,3.5263605246161616,15.058823529411764,蒙牛,10.111712478218767,7.830486708656033,39.35945703003931,1,1,1
P0068,8,4.67783914574856,107.53744857569743,16.419493218623366,0.028326210355000284,26.17059390383401,20,1.0,17.962174439347518,2.8882681267786814,2.995732273553991,11.7,蒙牛,10.155285795546487,16.3092136745464,24.149618212798885,1,1,1
P0068,9,3.640233293266154,38.100724331071454,-0.5289350919658995,0.24618241282158723,28.859848532883227,24,0.4583333333333333,29.166776523519435,3.373030271209032,3.1780538303479458,20.666666666666668,蒙牛,-0.3527397570188577,16.379493218623367,-2.368838580056127,1,1,1
P0068,10,3.338043819868678,28.163978967464747,10.592219474230031,0.12509252615849378,36.02322623917375,30,1.0,14.371810989236577,2.665268717845323,3.4011973816621555,21.133333333333333,蒙牛,6.54237607402262,-0.5689350919658995,119.52513367944563,1,1,1
P0068,11,4.341649568670352,76.83417811292924,5.080606924834644,0.08626178363306997,27.185354147776945,30,1.0,29.14995734997291,3.372453449672718,3.4011973816621555,12.266666666666667,蒙牛,3.1251762933974794,10.552219474230032,12.546784013366059,1,1,1
P0068,12,4.10914457877098,60.89460474595969,10.67082707762055,-0.027982266069969397,25.660477943517574,23,1.0,36.24401389987849,3.5902742338681417,3.1354942159291497,10.565217391304348,蒙牛,6.591112788124741,5.040606924834644,10.250937893461112,1,1,1
P0069,1,3.9534713422076333,52.11596554440126,-3.4422305456869666,-0.6646167678810101,27.383973371315182,31,0.12903225806451613,23.64510656004174,3.163156182748477,3.4339872044851463,15.838709677419354,酒店,-2.134182938325919,,-9.251892151912068,0,0,0
P0069,2,2.740835212616145,15.499925424889032,1.3841931363724527,-0.8085143609422558,33.68740396445575,26,0.6923076923076923,21.942707156607412,3.0884348363240375,3.258096538021482,18.153846153846153,酒店,0.8581997445509206,-3.4422305456869666,12.445545344489384,0,0,0
P0069,3,5.067480753926721,158.77383272822877,-1.2249309353899618,-0.8143410734098325,22.903810455481857,39,0.38461538461538464,17.738967376234115,2.875763766406747,3.6635616461296463,11.615384615384615,酒店,-0.7594571799417763,1.3841931363724527,2.195568862029202,0,0,0
P0069,4,3.2485547781176773,25.753094074328605,3.5375598950312566,-0.5215153902701635,27.37147419075787,25,0.84,29.220946741190012,3.3748858062490736,3.2188758248682006,18.24,酒店,2.193287134919379,-1.2249309353899618,9.46389803550814,0,0,0
P0069,5,4.2547810343531545,70.4413912548186,0.04348068044964931,-0.9564413982886701,26.2592633849359,66,0.6363636363636364,23.42786247491228,3.153926018093877,4.189654742026425,14.257575757575758,酒店,0.026958021878782573,3.5375598950312566,0.06796251076395454,0,0,0
P0069,6,4.044283957073928,57.07030661084313,0.7692240194583874,-0.8605836168390847,22.032676377326784,44,0.6136363636363636,26.936173220372122,3.2934701126508417,3.784189633918261,17.636363636363637,酒店,0.4769188920642002,0.04348068044964931,-2.048856055850156,0,0,0
P0069,7,3.0607928863046916,21.344474195769116,-0.31013763633999936,-0.8634734823022402,30.43798071319532,56,0.48214285714285715,39.7267648717039,3.682025138665722,4.02535169073515,16.839285714285715,酒店,-0.1922853345307996,0.7692240194583874,-1.780738384316733,0,1,0
P0069,8,3.3149995155177177,27.522380650459425,11.421679158702071,-0.7609586017245632,31.88668148376805,31,1.0,19.335628246245356,2.9619494172257395,3.4339872044851463,12.903225806451612,酒店,7.081441078395284,-0.31013763633999936,82.12722834347147,0,1,0
P0069,9,2.443929729617217,11.518215394750051,-2.812428788333408,-0.7212183424928058,35.04152160702034,41,0.34146341463414637,26.42975887845475,3.274490605549791,3.713572066704308,15.390243902439025,酒店,-1.743705848766713,11.421679158702071,-29.095444814591264,0,1,0
P0069,10,3.6707288538649543,39.28052519198591,5.805911929952175,-0.8033916880969094,27.66180255947456,67,0.9552238805970149,43.61996040817983,3.7755148531201557,4.204692619390966,13.298507462686567,酒店,3.5996653965703485,-2.812428788333408,17.217953999220185,0,1,0
P0069,11,5.180039283169416,177.6897910744299,-2.9738052413156657,-0.9101803881170362,18.740973379902943,41,0.17073170731707318,18.329986883418663,2.908538346271361,3.713572066704308,15.560975609756097,酒店,-1.8437592496157127,5.805911929952175,17.70972167046863,0,1,0
P0069,12,4.66885781619434,106.57594357052919,-0.33897872412276264,-0.6638711721465911,22.042922272169314,68,0.45588235294117646,19.18404317933242,2.954078849081855,4.219507705176107,13.044117647058824,酒店,-0.21016680895611284,-2.9738052413156657,0.8994089774024665,0,1,0
P0070,1,4.9349815656846925,139.07057883754825,0.15221865715098007,-1.044907412506411,24.352021722785686,13,0.6153846153846154,41.24477529942268,3.7195244453507748,2.5649493574615367,10.846153846153847,水果,0.09437556743360764,,-0.05239227643242581,1,0,0
P0070,2,5.912350434714045,369.5737944212973,10.603253318243365,-0.7554668505875567,16.257293667458196,7,1.0,28.659666924766572,3.3554908007263036,1.997987392178877,17.714285714285715,水果,6.574017057310886,0.15221865715098007,-89.47999540367958,1,0,0
P0070,3,5.373292555963872,215.5714816561874,-0.7835436408580948,-0.8095291146955588,22.820826000878068,12,0.5833333333333334,31.654025019527563,3.4548653133172857,2.4849066497880004,12.916666666666666,水果,-0.4857970573320188,10.603253318243365,1.4694472608753022,1,0,0
P0070,4,5.064506881710771,158.30236103421538,6.685790531033107,-0.8150733759539988,20.509022881783856,13,1.0,15.192327937850024,2.720790559496728,2.5649493574615367,11.846153846153847,水果,4.145190129240526,-0.7835436408580948,-27.994673514599043,1,0,0
P0070,5,2.7261170309450997,15.273465335028998,10.527021760884413,-0.8083270610166186,38.36169831953721,7,1.0,24.673883185128016,3.205745323307516,1.997987392178877,22.857142857142858,水果,6.526753491748336,6.685790531033107,143.85686531445674,1,0,0
P0070,6,5.955654166363228,385.9292900801174,6.373941548767234,-0.767674902671027,17.590969363267238,14,0.9285714285714286,17.846849207313056,2.881826977648575,2.6390573296152584,16.785714285714285,水果,3.951843760235685,10.527021760884413,-45.288405218859566,1,0,0
P0070,7,6.965836761936772,1059.8013479372783,-8.22482064992589,-0.8988159648703767,12.443164196881131,13,0.0,9.453704915391933,2.403916504521304,2.5649493574615367,7.153846153846154,水果,-5.124188802954051,6.373941548767234,101.26924764577313,1,1,1
P0070,8,2.616612526624675,13.68927290677901,0.7562252412772557,-0.7607120585030148,36.97431803367003,20,0.65,24.291805164125226,3.190139057425411,2.995732273553991,13.8,水果,0.4440596495918985,-8.26482064992589,8.793889011134162,1,1,1
P0070,9,3.0111489471998234,20.31072247219861,-0.548373642862701,-0.8842383343162024,39.130673654705305,10,0.4,20.206677613490463,3.0060131247045776,2.302585092994046,28.8,水果,-0.3647916585748746,0.7162252412772556,-8.492856420764111,1,1,1
P0070,10,5.172777546495601,176.4041283239085,11.455999994553645,-0.8747232084051266,20.56264503704146,9,1.0,24.634027847335727,3.20412873296177,2.1972245773362196,21.333333333333332,水果,7.07791999662326,-0.588373642862701,-47.18880752365655,1,1,1
P0070,11,3.57362705827905,35.64564780776016,-4.708399194840059,-0.8415541867943305,31.9346720827953,12,0.0,27.562009403889046,3.3164383536432673,2.4849066497880004,11.916666666666666,水果,-2.9440075008008364,11.415999994553646,-34.37109507706897,1,1,1
P0070,12,5.603767322603426,271.447112398655,-1.1375103320084272,-0.9785483971552227,20.975238636468763,14,0.21428571428571427,24.260957285036827,3.188868362137107,2.6390573296152584,8.071428571428571,水果,-0.7300564058452249,-4.748399194840059,4.3814853127141875,1,1,1
P0071,1,5.271123609896569,194.63453291582385,2.4664077759088148,0.48002580938709355,18.37957999160837,18,0.7777777777777778,42.919258546296454,3.759320642363895,2.8903717578961645,9.055555555555555,手机,1.5291728210634652,,-15.579391836354155,0,0,0
P0071,2,5.288741698937721,198.09400662136463,7.783215255073856,0.5595991438876289,18.65551064217499,39,0.9743589743589743,19.94909466143118,2.9931837619267623,3.6635616461296463,10.333333333333334,手机,4.82559345814579,2.4664077759088148,-47.01608379819451,0,0,0
P0071,3,4.703203398977903,110.29994184086,12.696908919927207,0.4330535733978909,19.422529386436242,21,1.0,60.77277529502929,4.008329516072456,3.044522437723423,21.857142857142858,手机,7.872083530354868,7.783215255073856,-66.9594757103657,0,0,0
P0071,4,4.633231844351213,102.84590955708619,11.939352587653682,0.46082103784036443,21.23490800815094,31,1.0,17.486423403843922,2.8614247743420163,3.4339872044851463,10.419354838709678,手机,7.402398604345283,12.696908919927207,-41.32573619412874,0,0,0
P0071,5,2.5577853315405417,12.907200469047254,6.676013247812684,0.5148846499162383,35.86211790722668,13,1.0,38.04184058184552,3.638686621938974,2.5649493574615367,7.846153846153846,手机,4.139128213643864,11.939352587653682,74.54373161016885,0,0,0
P0071,6,4.000419175939912,54.62104106135081,5.481530984799711,0.4275788473944684,26.962561228623017,32,1.0,17.97002582641354,2.888705137990514,3.4657359027997265,14.0,手机,3.398549210575821,6.676013247812684,12.423060111346611,0,0,0
P0071,7,5.104204906156918,164.713056117372,8.462765941253993,0.3918219460395025,18.369352316451323,30,1.0,19.528932401458523,2.9718970788505725,3.4011973816621555,17.966666666666665,手机,5.2469148835774755,5.481530984799711,-53.54273790611354,0,1,0
P0071,8,4.251522310447185,70.21221582170455,14.944040816033553,0.5512157735545403,26.956445094690828,31,1.0,15.313576569921384,2.728739792440663,3.4339872044851463,13.0,手机,9.265305305940803,8.462765941253993,33.77700633048225,0,1,0
P0071,9,4.82022370729619,123.99282577724918,7.171708705123159,0.44010233806975224,23.244418224552508,21,1.0,30.164394120692695,3.406662226184385,3.044522437723423,16.571428571428573,手机,4.446459397176358,14.944040816033553,-10.411846515887962,0,1,0
P0071,10,4.788150573936643,120.07908578778142,12.950580710369639,0.22879089052041748,22.565370327951467,25,1.0,14.595036338529393,2.680681494096017,3.2188758248682006,14.76,手机,8.029360040429177,7.171708705123159,-27.595645105927765,0,1,0
P0071,11,4.0694482628831,58.524663453313636,14.025342096667137,0.4463257851153174,23.91398221381124,24,1.0,19.42105010057582,2.966357534551424,3.1780538303479458,17.25,手机,8.695712099933624,12.950580710369639,-10.971049068695988,0,1,0
P0071,12,4.239397120801772,69.36601989975783,13.15507473281873,0.19745818637189586,26.24622563165045,25,1.0,22.595698636312687,3.1177595623371093,3.2188758248682006,11.04,手机,8.156146334347612,14.025342096667137,20.390536983076498,0,1,0
P0072,1,3.802035619309478,44.792271765663614,9.2630539374704,0.9630475233798735,22.862125638744267,21,1.0,50.71142921192372,3.9261513134350805,3.044522437723423,30.0,平板,5.743093441231648,,-16.989246648893992,1,0,0
P0072,2,4.234024137363193,68.99431689490343,14.883675984594488,1.1244913332030875,24.047124190653413,26,1.0,28.11260824468214,3.3362181676891245,3.258096538021482,16.576923076923077,平板,9.227879110448583,9.2630539374704,-9.660821892664886,1,0,0
P0072,3,2.947882200591864,19.06553396631519,4.47615097803594,0.749803061656591,32.211889646680945,19,0.9473684210526315,41.94151777836856,3.736276214098132,2.9444389791664403,10.473684210526315,平板,2.7752136063822825,14.883675984594488,33.64130506608537,1,0,0
P0072,4,3.9851536564859336,53.793554571442186,8.41918680444897,0.710177501830293,26.915955402925075,32,0.96875,16.154833428548937,2.782219288393774,3.4657359027997265,8.59375,平板,5.219895818758361,4.47615097803594,18.6884291331767,1,0,0
P0072,5,4.613145546179767,100.80072480928972,16.95314193217316,1.0054309059216178,19.589353179492715,23,1.0,24.231741902433935,3.1876634225636375,3.1354942159291497,8.304347826086957,平板,10.51094799794736,8.41918680444897,-86.57731295096443,1,0,0
P0072,6,5.83121075958359,340.7710211774987,11.491020118782217,1.0403888293032115,16.066068401351757,31,1.0,11.981103247211216,2.4833306791993985,3.4339872044851463,18.161290322580644,平板,7.1244324736449745,16.95314193217316,-99.16916086371934,1,0,0
P0072,7,4.171025924704224,64.78187935731704,8.995292109179848,0.6436535712623122,22.816319891139077,17,1.0,30.969821009900794,3.4330132145012096,2.833213344056216,18.11764705882353,平板,5.552281107691506,11.491020118782217,-16.83498853586736,1,1,1
P0072,8,3.4878265609371115,32.71476682844407,10.767622969215568,0.9943379703983736,23.245699729164983,24,1.0,17.584163861121418,2.8669987163804382,3.1780538303479458,21.708333333333332,平板,6.651126240913652,8.95529210917985,-15.560555422827129,1,1,1
P0072,9,5.137047546967277,170.21248136455492,7.267705089275356,0.9674134755918531,18.089774198600743,24,0.9166666666666666,21.60641691858687,3.0729903501349303,3.1780538303479458,33.041666666666664,平板,4.4811771553507205,10.727622969215568,-47.749388612433584,1,1,1
P0072,10,4.604673461569271,99.95033989283296,12.812960687246122,0.945869119739154,20.09865777009475,42,1.0,34.83119162899111,3.5505132965113333,3.7376696182833684,13.547619047619047,平板,7.919235626092596,7.227705089275356,-58.724387376684305,1,1,1
P0072,11,3.528985436696395,34.08936424606128,13.538719426365377,0.7835232047975303,25.874305492310608,25,1.0,16.82102479317793,2.822629579750532,3.2188758248682006,16.72,平板,8.369206044346534,12.772960687246123,15.902745118919798,1,1,1
P0072,12,5.668971470039494,289.7363785409285,7.914057014141231,0.9653937291962882,12.443164196881131,18,1.0,22.01895518604853,3.0919036817604906,2.8903717578961645,15.555555555555555,平板,4.8819153487675635,13.498719426365378,-96.48120189385544,1,1,1
P0073,1,4.333976062440086,76.24684689532876,6.25017322805312,-0.41280210215055146,27.86370739210212,40,0.9,24.848866345663552,3.212812131609204,3.6888794541139363,15.4,水果,3.8751074013929343,,19.79739101412573,0,0,0
P0073,2,5.454110001607393,233.71677092835944,-0.6982462211873222,-0.4004622163824514,21.30715418437116,35,0.5142857142857142,30.611253311222107,3.421367696621637,3.5553480614894135,15.028571428571428,水果,-0.43291265713613974,6.25017322805312,2.3663972472299846,0,0,0
P0073,3,5.509929841273936,247.1337878676587,0.44520920746812814,-0.41234718801313747,18.748446121086964,45,0.5333333333333333,33.18898547944008,3.5022180582095666,3.8066624897703196,12.977777777777778,水果,0.27602970863023946,-0.6982462211873222,-2.648000409932006,0,0,0
P0073,4,4.527116806427921,92.49150536670403,7.102122272964503,-0.3857538702754092,22.329507211891777,35,0.9714285714285714,37.29931753288844,3.6189750297769794,3.5553480614894135,13.4,水果,4.403315809237992,0.44520920746812814,-16.808631204362612,0,0,0
P0073,5,4.755720715685735,116.24740430810321,3.3781366314499834,-0.25846008223961814,23.067109634300166,45,0.9111111111111111,21.187122456928943,3.0533935658399094,3.8066624897703196,12.2,水果,2.0944447114989897,7.102122272964503,-5.503332478053432,0,0,0
P0073,6,4.931112284073012,138.53351529920954,-3.660748318225799,-0.4124642897718575,22.767366331756055,37,0.08108108108108109,31.9463698276424,3.464058553950177,3.6109179126442243,24.486486486486488,水果,-2.2696639572999953,3.3781366314499834,7.061020811934583,0,0,0
P0073,7,5.339595272071555,208.42833644718334,6.734091322645693,-0.0811121637134058,19.405369833246382,36,0.9722222222222222,33.0589319465823,3.4982917853550495,3.58351893845611,14.86111111111111,水果,4.1751366200403295,-3.660748318225799,-35.629018511035525,0,1,0
P0073,8,3.294349292161779,26.959865365268637,-1.3057788783292068,-0.35108105806969775,30.918949319685055,35,0.42857142857142855,34.72737124303834,3.547528172645599,3.5553480614894135,13.542857142857143,水果,-0.8095829045641082,6.734091322645693,-8.125518145666371,0,1,0
P0073,9,3.8049306334267445,44.92213391044184,6.870663387054181,-0.3927682026530514,29.992417720356062,47,0.9787234042553191,21.93039645473596,3.0878736404577225,3.8501476017100584,10.97872340425532,水果,4.259811299973593,-1.3057788783292068,36.38844246184191,0,1,0
P0073,10,4.1550213076614755,63.75332296756422,-2.2727704097053563,-0.1422778540851383,29.4218896024999,40,0.35,23.30468367474236,3.148654356453992,3.6888794541139363,11.9,水果,-1.409117654017321,6.870663387054181,-10.740378807845985,0,1,0
P0073,11,6.249656481402427,517.8349081898464,1.307182334761753,-0.4560876007447876,17.55217524106445,35,0.6,28.672081389779365,3.35592387543872,3.5553480614894135,21.6,水果,0.8104530475522869,-2.2727704097053563,-9.338559462810927,0,1,0
P0073,12,5.164285793573811,174.91249032593603,3.910013004392682,-0.36609609165408963,20.4735173986259,39,0.9230769230769231,24.06304493476105,3.180677258430992,3.6635616461296463,12.487179487179487,水果,2.424208062723463,1.307182334761753,-16.51079323570641,0,1,0
P0074,1,6.2935858436361,541.090119056306,13.377734682712491,0.5235745211433352,26.524897543987716,34,1.0,47.725887443891516,3.86547396438689,3.5263605246161616,13.911764705882353,计算机,8.294195503281745,,24.46366170898451,1,0,0
P0074,2,6.441718336562709,627.4841028382469,18.460791084328356,0.9155341912050372,25.694618674221104,41,1.0,24.51324716237253,3.1992136719298356,3.713572066704308,8.560975609756097,计算机,11.44569047228358,13.377734682712491,18.431365553394023,1,0,0
P0074,3,6.637461589586033,763.1553307930026,9.551885461599598,0.5607902641684683,26.822073091552937,35,0.9714285714285714,25.491142448873713,3.2383310368765486,3.5553480614894135,16.257142857142856,计算机,5.922168986191751,18.460791084328356,20.305975715622278,1,0,0
P0074,4,7.160758790074866,1287.8877987201784,8.377802077031676,0.764169800485709,24.46842050356195,38,0.9736842105263158,28.617150568580236,3.3540062083255417,3.6375861597263857,12.236842105263158,计算机,5.194237287759639,9.551885461599598,-1.9083972802537539,1,0,0
P0074,5,7.512153370048941,1830.1502934819412,6.619281513542008,0.6582151329077738,20.259123054947395,35,0.8857142857142857,10.990496618549882,2.403916504521304,3.5553480614894135,14.17142857142857,计算机,4.103954538396045,8.377802077031676,-29.370344942966053,1,0,0
P0074,6,5.134783528928552,169.8275531429695,3.9065299298559495,0.5574499915786153,31.918428369756466,36,0.75,30.899060087249346,3.4307257655526957,3.58351893845611,18.694444444444443,计算机,2.422048556510689,6.619281513542008,28.213801979759644,1,0,0
P0074,7,5.784502192619408,325.2201028416804,13.866445890102185,0.5782187442097351,27.432874064018016,62,1.0,31.41619077018344,3.4473233896466096,4.127134385045092,15.64516129032258,计算机,8.572396451863355,3.9065299298559495,37.838301352093275,1,1,1
P0074,8,6.574986423704758,716.9358909526427,5.381501793882141,0.4706181884274697,24.017557300865427,56,0.9464285714285714,18.34305050328896,2.90925078360155,4.02535169073515,12.053571428571429,计算机,3.3117311122069273,13.826445890102185,-3.6250386135286856,1,1,1
P0074,9,6.063510492472378,429.88188825180026,16.580858503612923,0.4017147119085843,27.99595181104782,43,1.0,22.632383396915554,3.119381774334549,3.7612001156935624,11.651162790697674,计算机,10.255332272240013,5.3415017938821405,54.58051903025248,1,1,1
P0074,10,6.982114670580932,1077.1938703654057,6.316942704803408,0.3937736690802104,22.94839808162701,38,1.0,22.053101099878674,3.0934532314543346,3.6375861597263857,14.105263157894736,计算机,3.891704476978113,16.540858503612924,-10.970931726499677,1,1,1
P0074,11,6.034125148729064,417.4334576563473,9.442406882615602,0.6705017387609216,28.9603097234447,40,1.0,41.955806309613614,3.736616833576489,3.6888794541139363,12.125,计算机,5.829492267221673,6.276942704803408,40.09277593782648,1,1,1
P0074,12,6.0748602581447,434.7887400856967,11.981765409410501,0.4737612451421279,26.558795717633043,48,1.0,26.27817670300652,3.2687388115674656,3.871201010907891,10.916666666666666,计算机,7.403894553834511,9.402406882615603,22.242530387471874,1,1,1
P0075,1,4.589154530880998,98.41119135572912,6.280392966001753,0.417758346343934,31.151351785074112,47,0.9787234042553191,20.20863872513558,3.0061101726470074,3.8501476017100584,20.48936170212766,热水器,3.893843638921087,,40.540810596378115,0,0,0
P0075,2,5.231691436176359,187.1090189792692,4.89402988423302,0.2935709873870873,24.381492241170655,45,0.9111111111111111,25.5303609298116,3.239868368631391,3.8066624897703196,9.0,热水器,3.0342985282244723,6.280392966001753,-1.5402509473624209,0,0,0
P0075,3,7.0201159858749484,1118.9163887168813,7.608236650560469,0.2676316482988937,17.223807585662996,60,0.9666666666666667,19.017829530850516,2.9453769355083823,4.0943445622221,12.516666666666667,热水器,4.717106723347491,4.89402988423302,-56.85182586281444,0,0,0
P0075,4,4.953567625041182,141.6795227611602,11.907036024839533,0.38491496636743333,25.76438538509628,37,1.0,21.13698717422172,3.051024452509769,3.6109179126442243,11.108108108108109,热水器,7.382362335400511,7.608236650560469,12.718771574816943,0,0,0
P0075,5,5.480766530193124,240.03062759837601,1.4720873345443253,0.19796216807831996,21.601751714002614,60,0.6666666666666666,26.59690264136121,3.2807947669536612,4.0943445622221,26.166666666666668,热水器,0.9126941474174817,11.907036024839533,-4.555316709426145,0,0,0
P0075,6,5.989582425576901,399.2478594195888,8.171119871361572,0.6433268122243991,22.373865167514552,39,0.9743589743589743,22.163665515489924,3.0984542595489577,3.6635616461296463,11.512820512820513,热水器,5.066094320244175,1.4720873345443253,-18.97617943089133,0,0,0
P0075,7,4.482203475811881,88.42931000323122,7.405531727359046,0.22370237008219224,31.245264302113124,31,0.967741935483871,25.405499318530204,3.234965659193437,3.4339872044851463,17.548387096774192,热水器,4.591429670962608,8.171119871361572,48.499210003603196,0,1,0
P0075,8,4.599032984877642,99.38815930408015,8.532697650416257,0.38606500279908834,29.635471199167792,53,0.9622641509433962,33.409873694363064,3.5088514758875013,3.970291913552122,15.264150943396226,热水器,5.290272543258079,7.405531727359046,42.14520005897638,0,1,0
P0075,9,5.339171356062214,208.33999906370153,9.9039915034836,0.3767974838067687,26.490817489952494,37,1.0,20.53546655680385,3.022153467228528,3.6109179126442243,14.297297297297296,热水器,6.140474732159832,8.532697650416257,17.773751367536743,0,1,0
P0075,10,2.9852918153581425,19.792277084160485,15.016066782525503,0.030993373596893914,37.41802020672985,32,1.0,14.858439289047102,2.6985680061188497,3.4657359027997265,13.34375,热水器,9.309961405165811,9.9039915034836,191.03151229163242,0,1,0
P0075,11,5.000374891005502,148.46880829156078,4.493552750105913,0.44667774182308306,30.44139767106024,40,0.9,24.69051530581182,3.2064191741725767,3.6888794541139363,19.425,热水器,2.7860027050656657,15.016066782525503,25.816292078535206,0,1,0
P0075,12,5.8942086218483185,362.9295077382566,10.126784600122424,0.24355097772886755,19.943370323480774,63,1.0,24.861584601063512,3.2133238250432905,4.143134726391533,14.603174603174603,热水器,6.278606452075903,4.493552750105913,-48.131010192157476,0,1,0
P0076,1,2.311750556187928,10.092075946714571,6.825686327361764,-0.6819097473913776,32.58219533237982,50,1.0,28.704277216738372,3.3570461436035224,3.912023005428146,18.3,平板,4.231925522964294,,53.82724436627336,1,0,0
P0076,2,4.171281613490931,64.79844547524561,-3.9335622540018433,-0.500267558304945,23.440422732841245,50,0.12,24.080959968709198,3.1814214854561826,3.912023005428146,19.7,平板,-2.4388085974811426,6.825686327361764,4.939727705671191,1,0,0
P0076,3,3.8755351654144343,48.20849090584043,7.850988964809053,-0.7183416250571376,25.151782845720398,38,1.0,28.358495145314368,3.344926637678991,3.6375861597263857,22.736842105263158,平板,4.867613158181613,-3.9335622540018433,3.5766768016808683,1,0,0
P0076,4,3.044886560216426,21.007647964666546,-5.382274239834267,-0.9050236614103001,28.640427852398155,48,0.0625,26.262914804745098,3.2681578606106925,3.871201010907891,14.6875,平板,-3.3370100286972453,7.850988964809053,-21.22884803268654,1,0,0
P0076,5,4.369075457019507,78.97058623676205,3.0481947112282297,-0.6447284586645607,23.93041313976928,62,0.8548387096774194,18.766690791760443,2.9320835320056844,4.127134385045092,12.5,平板,1.8898807209615025,-5.382274239834267,-2.33430593060445,1,0,0
P0076,6,4.725511680034339,112.78819507921548,0.874161579935968,-0.5168795706249422,19.021536927300158,43,0.6046511627906976,16.983992770071893,2.832271298710326,3.7612001156935624,15.511627906976743,平板,0.5419801795603002,3.0481947112282297,-4.960583470618407,1,0,0
P0076,7,3.9128145103531238,50.03959091238304,7.612022665929948,-0.6801497202312892,25.576897850757593,39,0.9743589743589743,21.992224705937062,3.090688968432474,3.6635616461296463,14.692307692307692,平板,4.694654052876568,0.874161579935968,6.668568516167794,1,1,1
P0076,8,3.2803933935748937,26.586229494785034,-6.704265324018752,-0.8734210421054371,25.864624014246854,60,0.05,28.227444811922982,3.3402947249532073,4.0943445622221,16.916666666666668,平板,-4.181444500891626,7.572022665929948,-7.880076439114991,1,1,1
P0076,9,4.482352453219292,88.4424849539353,-1.3413689292459106,-0.6769379530802435,18.523454989770002,48,0.2708333333333333,27.086236783726594,3.299025731117977,3.871201010907891,11.958333333333334,平板,-0.8564487361324645,-6.744265324018752,8.526855600478275,1,1,1
P0076,10,3.963843534390081,52.659335451945374,3.0462952787446937,-0.8165586673565602,24.55712390499415,76,0.8552631578947368,19.74697169131959,2.983000147505481,4.330733340286331,20.61842105263158,平板,1.86390307282171,-1.3813689292459106,-0.4181417522824362,1,1,1
P0076,11,3.1880233196641883,24.240464405593563,4.504135157082477,-0.8035347337599897,27.2303995180028,62,0.9032258064516129,27.465210892706168,3.312920145363544,4.127134385045092,12.209677419354838,平板,2.7677637973911353,3.0062952787446937,11.312952818517415,1,1,1
P0076,12,2.8142540221267294,16.680727684143992,3.8353848813086007,-0.832346483590823,29.389509512505406,90,0.8333333333333334,25.981021429559295,3.257366326464954,4.330733340286331,10.466666666666667,平板,2.3531386264113325,4.4641351570824765,17.812868062952735,1,1,1
P0077,1,6.132403346753587,460.54167301780205,6.49188665899648,-0.5655996712482374,22.13775196544705,59,0.9491525423728814,18.904621530377977,2.939406417590954,4.07753744390572,11.576271186440678,水果,4.024969728577817,,-16.609236601729595,0,0,0
P0077,2,5.725553153497206,306.6028167653791,5.398522850129747,-0.2999266447193545,24.43345118217583,47,0.9574468085106383,29.829615349034427,3.3955017036743076,3.8501476017100584,11.76595744680851,水果,3.347084167080443,6.49188665899648,-1.418523635265911,0,0,0
P0077,3,5.386057882980451,218.34096116281452,-3.791273652301777,-0.6183043812218256,27.09082319138672,35,0.08571428571428572,22.54487077813063,3.1155075801258882,3.5553480614894135,21.285714285714285,水果,-2.3505896644271016,5.398522850129747,-9.078623960473735,0,0,0
P0077,4,5.245557830170965,189.72161815943642,6.844656464312377,-0.7702694812746924,24.83231092585339,40,1.0,17.335113911283855,2.852734150288391,3.6888794541139363,14.725,水果,4.243687007873674,-3.791273652301777,0.931546137480798,0,0,0
P0077,5,4.63134471135396,102.65200866346024,2.8957289675558875,-0.6449825209183417,27.69132902928022,42,0.8809523809523809,29.96769203950747,3.4001198693377814,3.7376696182833684,11.976190476190476,水果,1.7953519598846501,6.844656464312377,8.673045342706153,0,0,0
P0077,6,4.121443781928237,61.64818457712766,3.376236484710261,-0.5924802772911911,31.28093901486454,34,0.9117647058823529,48.29262254041402,3.877278806557721,3.5263605246161616,13.970588235294118,水果,2.0932666205203616,2.8957289675558875,22.231593490523217,0,0,0
P0077,7,5.956014263494452,386.0682871350488,3.178741437540303,-0.4762661700624403,26.001897581440925,66,0.8787878787878788,12.629658157341822,2.5360478700690976,4.189654742026425,10.045454545454545,水果,1.970819691274988,3.376236484710261,4.150434885983059,0,1,0
P0077,8,5.853810880277714,348.5601737462332,3.1726470407415217,-0.45136353443372773,23.21216539117239,72,0.8611111111111112,23.31949288912773,3.1492896154966097,4.276666119016055,15.402777777777779,水果,1.9670411652597435,3.178741437540303,-4.708358054172788,0,1,0
P0077,9,5.191352746295823,179.7114926328712,10.422394118083874,-0.351142529607294,27.524667577078578,45,1.0,28.485430887501682,3.3493927596391426,3.8066624897703196,17.0,水果,6.461884353212001,3.1726470407415217,29.479272290469893,0,1,0
P0077,10,6.364954018372381,581.118106946285,4.339161154739483,-0.5043338981660814,21.738907955666008,37,0.8918918918918919,16.549778677480464,2.8063727287717475,3.6109179126442243,13.0,水果,2.6902799159384796,10.422394118083874,-12.832221529473353,0,1,0
P0077,11,6.075804374233753,435.1994249671471,-0.009660230958656348,-0.4483966533121605,20.671976812364015,73,0.547945205479452,23.181130677706076,3.1433386148801468,4.290459441148391,17.684931506849313,水果,-0.005989343194366935,4.339161154739483,0.03887504735003348,0,1,0
P0077,12,5.244916331846127,189.59995108798535,3.476597817308093,-0.49618758366880805,25.656312188710128,48,0.875,14.48873224595921,2.6733712608527447,3.871201010907891,13.729166666666666,水果,2.1554906467310175,-0.009660230958656348,3.3378800591549256,0,1,0
P0078,1,6.541207511792955,693.1230271530267,1.2096329239904164,-0.468227497094814,19.561826089038224,41,0.6341463414634146,27.58808560200114,3.3173839984350857,3.713572066704308,10.926829268292684,洗发水,0.7499724128740581,,-6.21072299436969,1,0,0
P0078,2,5.864510269224493,352.30957701014256,0.4935223436151196,-0.5254413974083513,27.488153024116876,26,0.6923076923076923,20.73640387562312,3.0318907970067674,3.258096538021482,9.0,洗发水,0.30598385304137415,1.2096329239904164,1.3778849706471605,1,0,0
P0078,3,6.737923147546674,843.8064532859372,0.23624524167420316,-0.4632342138271361,20.548308038997696,41,0.7804878048780488,24.69649140944351,3.206661185343463,3.713572066704308,16.78048780487805,洗发水,0.14647204983800596,0.4935223436151196,-0.9799227205759881,1,0,0
P0078,4,6.044662010711509,421.85515086207766,-4.066646615071128,-0.4567824203235579,22.967934353820702,40,0.2,44.474865075506344,3.7949241998318692,3.6888794541139363,11.125,洗发水,-2.521320901344099,0.23624524167420316,7.028296967868153,1,0,0
P0078,5,6.5291967034552565,684.8478545562514,2.425947227439378,-0.6573791600395991,25.315079239377898,48,0.875,12.306114631228862,2.5100962633430806,3.871201010907891,13.1875,洗发水,1.5040872810124142,-4.066646615071128,1.5013377553726333,1,0,0
P0078,6,5.605885153632239,272.0226006943605,1.088715367407686,-0.5565596982450366,22.692048926719103,40,0.7,27.530586649649436,3.3152976283953053,3.6888794541139363,17.6,洗发水,0.6750035277927653,2.425947227439378,-2.1819638134983803,1,0,0
P0078,7,5.081362229945719,160.9932164016768,8.16828803305073,-0.4607004826518111,25.311553156016537,55,0.9636363636363636,25.026274535821617,3.2199262544067326,4.007333185232471,14.945454545454545,洗发水,5.039538580491453,1.088715367407686,5.00166510154439,1,1,1
P0078,8,5.171348495429827,176.15221785565262,7.124298160737182,-0.39024120246571736,27.938221857645228,57,0.9473684210526315,42.91128439964403,3.759134830963858,4.04305126783455,14.578947368421053,洗发水,4.392264859657053,8.128288033050731,22.967360067481234,1,1,1
P0078,9,6.61974691149472,749.7553186445995,7.5465551818461165,-0.5141706074242924,22.930098527388285,73,0.9863013698630136,37.57378665158177,3.6263066437425913,4.290459441148391,14.643835616438356,洗发水,4.654064212744593,7.084298160737182,-13.25743290619475,1,1,1
P0078,10,5.6680062254341,289.4568469944172,2.5824186649570064,-0.22023485887185112,27.047113325224938,49,0.7959183673469388,25.567816258984077,3.2413343831916497,3.8918202981106265,15.612244897959183,洗发水,1.576299572273344,7.5065551818461165,5.976973828167496,1,1,1
P0078,11,6.084106412821,438.8275067855774,-1.2946955858369422,-0.5840372676148271,27.56901892450459,108,0.3055555555555556,24.85064082721207,3.212883540025513,4.330733340286331,10.833333333333334,洗发水,-0.8275112632189042,2.5424186649570064,-3.8343218913520265,1,1,1
P0078,12,7.182883242238621,1316.6991531993262,5.441633422362735,-0.30761901979235673,22.425601699531647,53,0.9622641509433962,16.29815406498675,2.791051853852904,3.970291913552122,10.528301886792454,洗发水,3.349012721864896,-1.3346955858369423,-12.265007846228059,1,1,1
P0079,1,5.182028864208569,178.0436712334957,5.624654398848344,0.9108832858148239,26.409573438890657,40,0.975,19.039909667899888,2.9465372850189757,3.6888794541139363,14.975,酒店,3.487285727285973,,9.637062457369924,0,0,0
P0079,2,4.656829144060094,105.30165584711226,11.58822443695059,0.8136975085832399,26.120083100036467,25,1.0,39.21098849782272,3.668957026336445,3.2188758248682006,11.32,酒店,7.184699150909366,5.624654398848344,16.50013067240806,0,0,0
P0079,3,5.28282757436815,196.92591152436725,6.881118314769484,0.81370312380203,23.228409248604773,46,0.9130434782608695,44.52447357374253,3.796039005944518,3.828641396489095,14.73913043478261,酒店,4.26629335515708,11.58822443695059,-10.1001286729097,0,0,0
P0079,4,5.377083949456237,216.39034931271817,7.642596844651716,1.0185123398952212,26.703311595539265,36,0.9722222222222222,22.21939399273006,3.1009655107851146,3.58351893845611,14.61111111111111,酒店,4.7384100436840635,6.881118314769484,15.339448284563465,0,0,0
P0079,5,5.045228505439941,155.2797774185756,22.414312854240574,0.9564864574018289,28.033226653001968,54,1.0,15.713729517684241,2.754534821781524,3.9889840465642745,16.11111111111111,酒店,13.896873969629155,7.642596844651716,74.7968764971671,0,0,0
P0079,6,5.370968005392289,215.07095681831916,7.82513257953811,0.5745620670932589,23.844299979164692,90,0.9777777777777777,18.612204038127942,2.9238174966414148,4.330733340286331,13.655555555555555,酒店,4.851582199313628,22.414312854240574,-6.6663293738229665,0,0,0
P0079,7,4.514558677582574,91.33724795134144,10.932767326744836,0.7499387281817018,29.6444180315921,90,1.0,30.763138089124144,3.426317157935995,4.330733340286331,13.933333333333334,酒店,6.778315742581798,7.82513257953811,54.097578431570476,0,1,0
P0079,8,5.631412219704873,279.05592777433367,11.482534055238077,0.8681198027010703,24.304041291512412,109,0.9908256880733946,28.11043609556177,3.336140898692152,4.330733340286331,14.34862385321101,酒店,7.1191711142476075,10.932767326744836,-4.503120654072816,0,1,0
P0079,9,5.475435479424307,238.75441693100956,14.10196541596294,0.5927800329651498,21.948294221684222,47,1.0,18.940023313772848,2.941277318684991,3.8501476017100584,13.042553191489361,酒店,8.743218557897023,11.482534055238077,-38.75105024254943,0,1,0
P0079,10,6.1859135859567305,485.85663270976625,14.966519906216625,0.9329445380238844,19.790955814086843,53,1.0,26.283365104666508,3.268936233541723,3.970291913552122,16.037735849056602,酒店,9.279242341854308,14.10196541596294,-73.4146236558635,0,1,0
P0079,11,5.575890343160816,263.9844878195803,5.675065317143687,0.803126187632894,23.508229395920797,44,0.9772727272727273,31.699271081460825,3.456293686343179,3.784189633918261,11.0,酒店,3.518540496629086,14.966519906216625,-6.741882401822643,0,1,0
P0079,12,3.888233134063585,48.8245438448445,12.914543843337045,0.9926895120100214,31.942542977702562,37,1.0,50.45049260697552,3.920992511013108,3.6109179126442243,10.243243243243244,酒店,8.007017182868967,5.675065317143687,93.58305108623009,0,1,0
P0080,1,4.84642454574484,127.28447546180651,8.445570387163903,-0.22419334107061237,25.320510511050806,21,1.0,24.618063266301082,3.203480452605229,3.044522437723423,12.80952380952381,手机,5.236253640041619,,5.272551767286464,1,0,0
P0080,2,5.532517986903194,252.77960608924255,9.570056361081622,-0.47279672471172973,19.668382990834793,31,1.0,25.6554790512042,3.24475715703987,3.4339872044851463,12.774193548387096,手机,5.933434943870606,8.445570387163903,-48.11661294105106,1,0,0
P0080,3,5.971979648930504,392.2814821960567,5.261884775546068,-0.4193902543256486,13.935937407182378,15,1.0,37.11564740360763,3.614038643596893,2.70805020110221,16.466666666666665,手机,3.2623685608385617,9.570056361081622,-56.619328331821166,1,0,0
P0080,4,5.199808890605673,181.23760235687217,3.23335967743106,-0.41558368776351845,19.386261652528024,29,0.9655172413793104,18.094831892252596,2.895626366685322,3.367295829986474,13.827586206896552,手机,2.004683000007257,5.261884775546068,-17.168981352773805,1,0,0
P0080,5,4.404745265987331,81.83829319090805,-1.5462569315609271,-0.26093350648749725,29.20853494586444,32,0.34375,34.402855433470926,3.5381395677214256,3.4657359027997265,12.125,手机,-0.9586792975677748,3.23335967743106,-6.9772096712159914,1,0,0
P0080,6,5.596713684501172,269.5391596187592,6.8268173312680025,-0.5780140916763102,19.326662777463575,26,0.9230769230769231,19.971685639786507,2.994315552467747,3.258096538021482,17.26923076923077,手机,4.2326267453861615,-1.5462569315609271,-36.65693593756573,1,0,0
P0080,7,4.502483524053179,90.2409688492225,13.383991020952301,-0.33628090840465324,26.451463613120705,26,1.0,28.86232546957098,3.3625371277007363,3.258096538021482,13.653846153846153,手机,8.273274432990426,6.8268173312680025,23.422053469377378,1,1,1
P0080,8,4.859058144184182,128.90273712247256,17.16984438457058,-0.16320374574937963,24.790027922645496,22,1.0,33.8227219691183,3.5211328242388165,3.091042453358316,13.0,手机,10.620503518433761,13.343991020952302,1.6070415065268668,1,1,1
P0080,9,4.822975001452528,124.33443623417655,9.618350634815659,-0.15910442601893118,22.53638887934918,23,1.0,39.2852911877111,3.67085017878591,3.1354942159291497,10.26086956521739,手机,5.938577393585709,17.129844384570582,-20.687549113390528,1,1,1
P0080,10,6.0834779994710635,438.5518283510705,3.7254460498770228,-0.351855183361309,20.806126229166765,19,0.7894736842105263,32.062032990326365,3.4676725572210527,2.9444389791664403,10.894736842105264,手机,2.284976550923754,9.57835063481566,-14.33670352894755,1,1,1
P0080,11,3.736382141935756,41.945960787968545,11.787705965696016,-0.5468689592184302,32.33282460634963,27,1.0,25.034243948905008,3.220244645561756,3.295836866004329,10.851851851851851,手机,7.283577698731531,3.6854460498770227,89.71267217007515,1,1,1
P0080,12,4.182510032716472,65.53012972758022,-4.638689757291628,-0.33536745162868276,30.73467658156173,36,0.08333333333333333,8.128457170794745,2.403916504521304,3.58351893845611,14.666666666666666,手机,-2.9007876495208094,11.747705965696017,-28.25209947889958,1,1,1
P0081,1,4.3979098609439236,81.28080281577049,8.869652767724924,0.3568086927618954,27.843548186446665,35,1.0,21.87936725119092,3.0855440580858415,3.5553480614894135,14.8,书籍,5.499184715989453,,27.915773603041576,0,0,0
P0081,2,5.758725679308759,316.9441829364636,3.854478388746786,0.020496222251721485,22.191255457866895,39,0.8717948717948718,14.274837756598355,2.6584983899151986,3.6635616461296463,17.641025641025642,书籍,2.3897766010230073,8.869652767724924,-9.655303252632397,0,0,0
P0081,3,5.95028721755079,383.8635755854389,13.440648531445536,0.21352118326250516,17.447808690031447,40,1.0,20.952123303186017,3.0422399922198817,3.6888794541139363,14.375,书籍,8.333202089496233,3.854478388746786,-97.42324965916063,0,0,0
P0081,4,5.465472859376964,236.38760678183024,8.958933373301145,0.16830754604953327,21.073927483622185,43,1.0,21.521318760621934,3.0690440141140436,3.7612001156935624,17.86046511627907,书籍,5.55453869144671,13.440648531445536,-32.45181121090856,0,0,0
P0081,5,4.627662512785059,102.2747186387525,7.614601544146378,0.20947713606612503,28.865420054894372,72,0.9861111111111112,30.61290862773224,3.4214217705838803,4.276666119016055,15.680555555555555,书籍,4.7210529573707545,8.958933373301145,31.746853358863504,0,0,0
P0081,6,5.141923616903335,171.04447611150246,12.74566932916552,0.09754765328469893,24.452669131436192,46,1.0,14.843570534146195,2.6975668108306223,3.828641396489095,15.804347826086957,书籍,7.902314984082622,7.614601544146378,-3.1041247938468017,0,0,0
P0081,7,4.761928355950758,116.97127080268717,5.568470163025198,0.2027242838055804,27.765054546752243,40,0.975,33.750765251923426,3.519003091192549,3.6888794541139363,17.25,书籍,3.4524515010756227,12.74566932916552,17.088754694836886,0,1,0
P0081,8,5.371619993928843,215.21122633880125,5.8040664411672145,0.10016606826993378,23.579208019403495,39,0.9487179487179487,14.277236911432968,2.658666444592006,3.6635616461296463,13.23076923076923,书籍,3.598521193523673,5.568470163025198,-6.4831689266697765,0,1,0
P0081,9,5.045442113371543,155.31294995348168,8.16184889027834,-0.06880002148629202,21.159483873585085,37,0.972972972972973,27.512594986184748,3.3146438993203957,3.6109179126442243,14.621621621621621,书籍,5.060346311972571,5.8040664411672145,-28.86624560780812,0,1,0
P0081,10,4.39982614922048,81.43670959877618,9.02317583008988,0.1874428399150314,27.674223772541215,52,1.0,31.989565935099073,3.465409785100976,3.9512437185814275,13.461538461538462,书籍,5.594369014655725,8.16184889027834,26.871118238239763,0,1,0
P0081,11,3.586722605018677,36.11551693632511,17.034368518617192,0.2361214063145452,32.572552338435145,40,1.0,18.012914817577574,2.891088990488785,3.6888794541139363,18.45,书籍,10.561308481542659,9.02317583008988,134.16847331312383,0,1,0
P0081,12,5.284649278767713,197.28497928213582,10.339085065141871,-0.08264355812059207,21.378093241999323,48,1.0,27.011951605225253,3.2962794201081937,3.871201010907891,12.979166666666666,书籍,6.41023274038796,17.034368518617192,-34.30631852275619,0,1,0
P0082,1,3.3832934883229284,29.467662873344032,3.700522442926139,0.09816641655848327,28.731604064878983,44,0.8863636363636364,36.59547430427292,3.599924579872954,3.784189633918261,15.568181818181818,书籍,2.2943239146142065,,14.933056601570733,1,0,0
P0082,2,4.573933343420342,96.92459871808582,5.921942307379322,0.20408089112741082,20.12959988247298,21,1.0,16.88676718252014,2.826530308267499,3.044522437723423,23.047619047619047,书籍,3.6716042305751793,3.700522442926139,-27.043217181694143,1,0,0
P0082,3,2.8958338077536743,18.098585892865465,0.6090988219592728,0.23071180675947403,32.03835663022695,25,0.68,17.588699822658025,2.8672566403073914,3.2188758248682006,10.44,书籍,0.37764126961474914,5.921942307379322,4.4720912662647025,1,0,0
P0082,4,5.123251220495703,167.88029916751552,10.718102959053716,0.41700304720960146,18.404402393338568,25,1.0,18.181954307498852,2.9004295806340763,3.2188758248682006,10.0,书籍,6.645223834613304,0.6090988219592728,-67.43626982613051,1,0,0
P0082,5,3.4879891899781503,32.720087632248074,11.880461895661421,0.08362991747178208,23.18881479198553,30,1.0,31.286780573431642,3.4431956624362066,3.4011973816621555,11.833333333333334,书籍,7.365886375310081,10.718102959053716,-17.90858247722113,1,0,0
P0082,6,2.0911758443895576,1.8033274291363808,18.289210755808156,0.2733418486571017,39.130673654705305,34,1.0,26.2678029023623,3.2683439649642847,3.5263605246161616,18.61764705882353,书籍,11.339310668601057,11.880461895661421,263.9948999796029,1,0,0
P0082,7,4.478001007320546,88.05846838511786,8.5204489352796,0.27539957124010417,21.016889405566136,30,0.9333333333333333,16.622789568080588,2.810774619391236,3.4011973816621555,17.933333333333334,书籍,5.257878339873352,18.289210755808156,-31.202312650594674,1,1,1
P0082,8,4.865743587399667,129.7673961457227,2.166601271009805,0.17263941337416913,19.618994516819825,15,0.6666666666666666,19.493741349337355,2.97009345760792,2.70805020110221,18.933333333333334,书籍,1.318492788026079,8.4804489352796,-10.79721847497769,1,1,1
P0082,9,3.417603864372741,30.496254243191153,11.149710693696019,0.24294204963254348,26.58322761414981,28,1.0,62.99180040670272,4.008329516072456,3.332204510175204,13.464285714285714,书籍,6.888020630091532,2.126601271009805,20.964190641068985,1,1,1
P0082,10,4.235402148959936,69.08945740099901,11.513251614247716,0.17232579696215883,24.923684849956235,44,1.0,17.027562927346718,2.8348333797569123,3.784189633918261,16.477272727272727,书籍,7.113416000833585,11.10971069369602,2.6098461103313113,1,1,1
P0082,11,3.740073285642709,42.101075456315286,13.796051220957903,0.2596613298323797,23.521068430250523,38,0.9736842105263158,31.553162949281326,3.451673835920534,3.6375861597263857,22.55263157894737,书籍,8.5287517569939,11.473251614247717,-16.165343689237744,1,1,1
P0082,12,2.0911758443895576,4.792739832477316,11.736143694157988,0.4360049254164764,39.130673654705305,31,0.967741935483871,16.329292595022125,2.7929605866945306,3.4339872044851463,16.419354838709676,书籍,7.251609090377953,13.756051220957904,168.82753039005385,1,1,1
P0083,1,5.756937679137605,316.3779930078114,6.681467507831189,0.2508326796908933,21.91959372975461,36,1.0,53.62259759691521,3.9819705761871034,3.58351893845611,14.25,手机,4.142509854855337,,-18.55188890799219,0,0,0
P0083,2,5.38176321044612,217.40526891785692,1.2760114448911823,0.11912628994737379,21.98571615800251,37,0.5675675675675675,15.177375108836513,2.7198058392840343,3.6109179126442243,14.486486486486486,手机,0.791127095832533,6.681467507831189,-3.458624508982383,0,0,0
P0083,3,4.529507600776811,92.71289808182634,-1.3700700293528008,-0.005033453233739604,25.11056940277004,33,0.2727272727272727,18.333367253585013,2.9087227467581958,3.4965075614664802,8.606060606060606,手机,-0.8494434181987365,1.2760114448911823,-0.5676978072382616,0,0,0
P0083,4,5.070522096285002,159.25745336627634,13.882268145183007,0.0756829791512453,22.98525116323839,33,1.0,28.984215796092307,3.3667513989174025,3.4965075614664802,8.606060606060606,手机,8.607006250013464,-1.3700700293528008,-23.75202575208179,0,0,0
P0083,5,5.887953083338882,360.6662744781503,8.698691628174931,0.15997474710898044,18.27615601735802,29,0.9310344827586207,26.798004646923776,3.28832743127202,3.367295829986474,10.655172413793103,手机,5.393188809468457,13.882268145183007,-55.84609263637591,0,0,0
P0083,6,3.8180635689197957,45.51598436184451,4.569321787331926,0.28479734134574874,35.167601485207385,32,0.90625,23.673072588175543,3.1643382244877603,3.4657359027997265,11.75,手机,2.8329795081457942,8.698691628174931,47.84714527776626,0,0,0
P0083,7,6.444756577028274,629.3934494893683,5.642589459395758,0.10564286310077564,12.607817603305843,20,0.9,34.54470500302178,3.542254282405723,2.995732273553991,10.75,手机,3.4984054648253697,4.569321787331926,-68.2098503116585,0,1,0
P0083,8,6.824697281902203,920.2977710889171,10.15758147945071,0.25348731249729073,18.288164107352664,43,1.0,26.085944859998833,3.2613966581683074,3.7612001156935624,14.581395348837209,手机,6.2977005172594405,5.642589459395758,-65.09027490849591,0,1,0
P0083,9,5.891161199349099,361.82519170413735,2.618361740093506,0.11082351807358844,20.30983567685163,31,0.7419354838709677,26.94208962078272,3.2936897337047655,3.4339872044851463,16.93548387096774,手机,1.6233842788579738,10.15758147945071,-11.485121569952133,0,1,0
P0083,10,5.3697205767012575,214.80283840024785,13.898193450732736,0.2700519846092349,23.809141984814087,42,1.0,23.637477224839813,3.1628334704659653,3.7376696182833684,11.285714285714286,手机,8.616879939454297,2.618361740093506,-12.328679315549053,0,1,0
P0083,11,5.262091593000681,192.88450556118622,11.82745075662831,0.18070914328484122,21.608080804151236,23,1.0,35.80063139203582,3.577965529900176,3.1354942159291497,13.73913043478261,手机,7.333019469109551,13.898193450732736,-36.524727001732074,0,1,0
P0083,12,5.024712668070962,152.12653902039753,10.532323086194696,0.16121226483641696,29.67747103458328,39,0.9743589743589743,26.02948139632419,3.2592297955012097,3.6635616461296463,13.307692307692308,手机,6.530040313440711,11.82745075662831,52.46422298058196,0,1,0
P0084,1,5.437101702037602,229.77526028775742,8.56802290661174,0.6662672534438064,26.308890745852484,42,0.9285714285714286,24.992943363328585,3.2185935195569493,3.7376696182833684,16.38095238095238,蒙牛,5.312174202099278,,13.817463108949639,1,0,0
P0084,2,5.272556302467686,194.91358421484486,4.886860364777228,0.21330274867139104,22.90340588440645,55,0.8909090909090909,29.596441697962838,3.387654141197203,4.007333185232471,14.181818181818182,蒙牛,3.0298534261618815,8.56802290661174,-8.761196186060234,1,0,0
P0084,3,5.875241683062024,356.110716199589,13.499437071262287,0.2656189209540237,19.60486094649488,35,1.0,35.877767037375726,3.5801178010671153,3.5553480614894135,10.314285714285715,蒙牛,8.369650984182618,4.886860364777228,-68.73038154675147,1,0,0
P0084,4,5.132110632952692,169.37422787511926,7.578201627383258,0.2538093268386502,24.10301432861455,31,0.9354838709677419,19.268980081685722,2.9584965532458787,3.4339872044851463,16.903225806451612,蒙牛,4.69848500897762,13.499437071262287,-4.495376269826987,1,0,0
P0084,5,6.271331031967201,529.1812665067986,-0.015964755595590806,0.16793639479899766,18.22466666137541,30,0.6666666666666666,41.03492669290373,3.7144235746271423,3.4011973816621555,16.966666666666665,蒙牛,-0.0098981484692663,7.578201627383258,0.10331664958180609,1,0,0
P0084,6,4.166259949705812,64.47386511706674,-2.2801374353454014,0.1922753573985943,26.990181811968057,32,0.25,25.27861701674671,3.229958861166163,3.4657359027997265,14.46875,蒙牛,-1.4136852099141488,-0.015964755595590806,-5.23056502631759,1,0,0
P0084,7,3.8808583107008787,48.46579593542015,1.0923982383114292,0.18636916129858294,34.85151988439683,29,0.5517241379310345,28.184306522432664,3.338765316740251,3.367295829986474,14.379310344827585,蒙牛,0.6524869077530862,-2.2801374353454014,10.687427472800367,1,1,1
P0084,8,5.088067415785177,162.0763330276432,8.430943315905674,0.1973039363604369,26.69938875304268,44,1.0,17.371679955327316,2.85484129148464,3.784189633918261,17.318181818181817,蒙牛,5.202384855861519,1.0523982383114292,16.80853737008662,1,1,1
P0084,9,5.534031541282274,253.16249145479748,10.399949518907222,0.24906026883164356,23.59956300472382,51,1.0,38.23802077964267,3.643830328989184,3.9318256327243257,14.254901960784315,蒙牛,6.423168701722479,8.390943315905675,-11.361234671536756,1,1,1
P0084,10,5.222611332216157,185.41773975089626,5.249599123372969,0.22156036424508183,20.42057402083206,36,0.9722222222222222,24.19407779182191,3.1861078838677734,3.58351893845611,26.47222222222222,蒙牛,3.2299514564912406,10.359949518907223,-22.27436310680778,1,1,1
P0084,11,3.0641854787871368,21.417010271567896,8.054338900319578,0.22922941355600798,34.75996980329579,41,1.0,21.474449327062718,3.066863825029913,3.713572066704308,12.121951219512194,蒙牛,4.968890118198139,5.209599123372969,80.65436066403899,1,1,1
P0084,12,4.889571336636828,132.8965939386001,4.795374768594819,0.14399976984509746,23.376709510834306,31,0.9032258064516129,35.293073057037375,3.5636867140046644,3.4339872044851463,15.193548387096774,蒙牛,2.9483323565287876,8.01433890031958,-6.274731800371261,1,1,1
P0085,1,5.928876765953127,375.73224146766756,5.941435236580039,0.21613874127659224,24.190855640773318,39,0.9743589743589743,16.78553311244555,2.820517391169536,3.6635616461296463,13.076923076923077,书籍,3.6836898466796244,,-3.0025457733772787,0,0,0
P0085,2,6.020745724095075,411.88563427130794,12.344731435596458,0.20099820615136868,30.436498217917407,35,1.0,16.379434048262294,2.796026526439872,3.5553480614894135,9.4,书籍,7.653733490069804,5.941435236580039,70.86228404924285,0,0,0
P0085,3,6.2497663206703455,517.8917899209312,9.47501170014294,0.3181589754838547,24.061194340851067,64,1.0,23.062328441928827,3.1382004829407233,4.1588830833596715,12.59375,书籍,5.8745072540886225,12.344731435596458,-6.016805640605551,0,0,0
P0085,4,6.339950811340432,566.7684321164685,9.909671858441461,0.005566889304548378,23.383672671127908,33,1.0,28.114500837418504,3.336285487271012,3.4965075614664802,21.939393939393938,书籍,6.143996552233706,9.47501170014294,-13.006840211010529,0,0,0
P0085,5,6.854481576356535,948.1204739026286,16.294726343142223,0.028313688762498068,19.238588243249662,46,1.0,24.142065425279664,3.1839557722943033,3.828641396489095,13.76086956521739,书籍,10.102730332748179,9.909671858441461,-88.93049573009246,0,0,0
P0085,6,5.381855088990132,217.42524471508517,4.767147985003893,-0.09892941653164866,26.75007423930107,36,1.0,33.77473442439295,3.5197130207329783,3.58351893845611,16.61111111111111,书籍,2.955631750702414,16.294726343142223,9.791062271945915,0,0,0
P0085,7,6.67243121515519,790.3146957210816,8.143496989533261,0.16743974533815506,22.14299116703665,54,0.9814814814814815,24.243829901213868,3.1881621479455453,3.9889840465642745,12.018518518518519,书籍,5.0489681335106225,4.767147985003893,-20.79215122945408,0,1,0
P0085,8,6.190964465335778,488.31684384165055,9.658928392443086,0.379824842363145,27.431276281555785,73,1.0,20.613625563824236,3.0259522922808246,4.290459441148391,15.452054794520548,书籍,5.988535603314713,8.143496989533261,26.4177840395678,0,1,0
P0085,9,6.457154441650032,637.2451558948652,15.268909410638907,0.37146440921028556,21.216753921650476,37,1.0,46.988388041850435,3.8499005082456303,3.6109179126442243,21.7027027027027,书籍,9.466723834596122,9.658928392443086,-53.12753968872442,0,1,0
P0085,10,6.280140276149949,533.8635468962409,16.698149497484437,0.249018479293815,22.689839580731288,41,1.0,37.62814930922845,3.6277524221370308,3.713572066704308,11.439024390243903,书籍,10.35285268844035,15.268909410638907,-33.50271698539022,0,1,0
P0085,11,6.157010734123416,472.01498554775355,-0.8516336463283442,0.22736438826113842,26.34391251125623,54,0.3888888888888889,39.5650728575712,3.6779467305246754,3.9889840465642745,22.203703703703702,书籍,-0.5280128607235733,16.698149497484437,-1.403236665019402,0,1,0
P0085,12,6.8046125784376414,901.9982486559662,9.28777319194984,0.24108074311874134,21.081308310437116,44,1.0,31.237694734854173,3.4416255301505765,3.784189633918261,17.204545454545453,书籍,5.758419379008901,-0.8516336463283442,-33.57441135337337,0,1,0
P0086,1,4.940287421252911,139.8104282740828,9.89345911014558,0.2928134306210289,23.88156583451806,18,1.0,15.80167601103387,2.7601160110549046,2.8903717578961645,27.77777777777778,书籍,6.133944648290259,,-8.059674677942525,1,0,0
P0086,2,3.5249471300577624,33.951978529651186,-0.036408574179787934,0.41059857097003516,33.307018232260454,11,0.6363636363636364,23.950354180192562,3.1759831120645954,2.3978952727983707,8.818181818181818,书籍,-0.02257331599146852,9.89345911014558,-0.3135071548207572,1,0,0
P0086,3,6.835628951219538,930.413351349829,0.3800382204604353,0.15195343172968306,16.85943011314875,12,0.5833333333333334,26.349409045941503,3.271445847636886,2.4849066497880004,18.083333333333332,书籍,0.23562369668546987,-0.036408574179787934,-2.9782768786755462,1,0,0
P0086,4,3.9621543572167246,52.57045958920774,22.414312854240574,0.12392272777491095,31.400772234774628,22,1.0,30.361265912123244,3.4131676483683973,3.091042453358316,22.90909090909091,书籍,13.896873969629155,0.3800382204604353,150.27809671793509,1,0,0
P0086,5,5.790332120070408,327.12165000202793,6.512598425575709,0.4143405682527813,20.902381339826913,20,1.0,29.58754533596914,3.38735350710658,2.995732273553991,29.15,书籍,4.037811023856939,22.414312854240574,-24.707699633059686,1,0,0
P0086,6,6.184299960467003,485.0732742564315,16.499898881238458,0.1701568139830181,18.23933556135921,24,1.0,31.018517904791153,3.434584377909055,3.1780538303479458,18.875,书籍,10.229937306367844,6.512598425575709,-106.53781858378856,1,0,0
P0086,7,5.129937808998157,169.00660702783614,8.398266295819457,0.3417701582854292,21.234287202084023,13,1.0,22.89435026112518,3.1308901666334314,2.5649493574615367,19.615384615384617,书籍,5.182125103408064,16.499898881238458,-28.935694553202726,1,1,1
P0086,8,4.868520827016761,130.12829221476832,1.22115554996322,0.10400730273014958,23.46271229313661,12,0.75,40.105099148807525,3.6915034870464147,2.4849066497880004,11.75,书籍,0.7323164409771964,8.358266295819458,-1.4569557589338409,1,1,1
P0086,9,4.777207519145237,118.77221738047733,7.330373158448129,0.04552956520872706,26.970942448930522,18,1.0,22.801063816453773,3.1268071934883093,2.8903717578961645,10.38888888888889,书籍,4.52003135823784,1.18115554996322,16.583629275349523,1,1,1
P0086,10,3.4865186238979367,32.67200594354969,5.038105891620305,0.38172404730978277,38.33168995579927,20,1.0,20.33352074842781,3.012270792598518,2.995732273553991,22.8,书籍,3.098825652804589,7.290373158448129,68.15155959874474,1,1,1
P0086,11,5.003463549119492,148.9280865926717,-0.3577176070845152,0.10618713199667024,28.490252934088616,16,0.4375,20.98639946209748,3.043874583249,2.772588722239781,10.0625,书籍,-0.24658491639239943,4.998105891620305,-1.5089566342355762,1,1,1
P0086,12,6.665763114181843,785.0623286478583,6.813566575343985,0.4033545733600179,16.367767400027038,18,1.0,21.89912006945625,3.0864464565383547,2.8903717578961645,19.88888888888889,书籍,4.19961127671327,-0.3977176070845152,-56.41327817793376,1,1,1
P0087,1,4.150636495880365,63.47438863012807,-2.738825477076684,-0.626591938582113,26.66934631149456,22,0.36363636363636365,25.980991419998862,3.257365171407296,3.091042453358316,20.90909090909091,热水器,-1.698071795787544,,-5.404068819357833,0,0,0
P0087,2,4.917026655608675,136.59586223994302,15.800265415905937,-0.2717011288282692,21.4900901938404,14,1.0,15.71499514194736,2.7546153611147304,2.6390573296152584,10.714285714285714,热水器,9.796164557861681,-2.738825477076684,-50.65758531566565,0,0,0
P0087,3,5.3657825503583325,213.95860256660632,5.854286169314211,-0.4673294148006686,16.798392654034544,17,0.9411764705882353,26.439034097800075,3.2748414824629313,2.833213344056216,12.411764705882353,热水器,3.629657424974811,15.800265415905937,-46.2360982042875,0,0,0
P0087,4,5.389781722780476,219.15554367003213,-5.968083174114594,-0.3981456187586986,14.525214109565624,15,0.2,18.64319787785342,2.9254813545133933,2.70805020110221,12.066666666666666,热水器,-3.7002115679510483,5.854286169314211,60.70136508406084,0,0,0
P0087,5,5.143984964195503,171.39742182604496,1.3760267953401732,-0.4269272320416689,17.259157571201616,14,0.8571428571428571,39.76831150776915,3.6830704018880542,2.6390573296152584,18.428571428571427,热水器,0.8531366131109074,-5.968083174114594,-10.233587027870488,0,0,0
P0087,6,4.1489655278942585,63.36841352395239,6.40885368732519,-0.24647288756097038,24.636300348111757,12,1.0,38.679798497080746,3.655317461085504,2.4849066497880004,11.083333333333334,热水器,3.973489286141618,1.3760267953401732,-0.3839689953378574,0,0,0
P0087,7,5.1620235100986855,174.51723594677745,-1.0259321701394142,-0.5257926904052689,20.824251677395893,26,0.46153846153846156,23.85456651157647,3.1719756669973216,3.258096538021482,13.73076923076923,热水器,-0.6360779454864368,6.40885368732519,3.9723692942586846,0,1,0
P0087,8,5.292725946759178,198.8848366208896,6.129755465812371,-0.5774000498636793,15.662125115168363,18,0.9444444444444444,28.270238851014877,3.341809620591451,2.8903717578961645,11.055555555555555,热水器,3.80044838880367,-1.0259321701394142,-55.37674727163252,0,1,0
P0087,9,3.121442319989955,22.67906653604785,6.287633708242466,-0.4046142618691594,30.15353013238022,18,0.8888888888888888,39.364280507480856,3.672858819001616,2.8903717578961645,13.833333333333334,热水器,3.8983328991103288,6.129755465812371,34.31361353689589,0,1,0
P0087,10,4.179526033837094,65.33487935223805,8.166703868027502,-0.4287985339246709,22.709319463036977,18,1.0,26.765515619152264,3.2871143283394866,2.8903717578961645,10.722222222222221,热水器,5.063356398177051,6.287633708242466,-16.226368044001468,0,1,0
P0087,11,4.609374968989903,100.42136355051278,-1.8427022588216502,-0.7056032315329762,19.4600507592808,19,0.3684210526315789,40.88328679780113,3.710721343783832,2.9444389791664403,16.473684210526315,热水器,-1.142475400469423,8.166703868027502,9.648687291388429,0,1,0
P0087,12,4.746308866488532,115.1584339203919,1.223676267102563,-0.47939339650724744,18.517427580197857,15,0.8,19.178072451437643,2.953767566565507,2.70805020110221,10.333333333333334,热水器,0.758679285603589,-1.8427022588216502,-7.560832614783147,0,1,0
P0088,1,4.919368259236417,136.91609038386994,4.374583193354325,0.4266659575019062,26.27897158598124,38,0.9210526315789473,25.128943696995794,3.224020317126336,3.6375861597263857,16.710526315789473,蒙牛,2.7122415798796813,,6.9239107643876805,1,0,0
P0088,2,5.322488700332612,204.89316569246114,9.662763133298846,0.4558249535506745,24.18131636183891,41,1.0,29.801585443940965,3.39456159491295,3.713572066704308,11.975609756097562,蒙牛,5.990913142645284,4.374583193354325,-4.97532059701165,1,0,0
P0088,3,4.786728221622787,119.90841242986212,4.117114859684399,0.5406059985921874,29.279640255372556,33,0.9696969696969697,17.81130041648038,2.879833110721392,3.4965075614664802,12.090909090909092,蒙牛,2.5526112130043273,9.662763133298846,18.87049801898686,1,0,0
P0088,4,5.024828106612391,152.14410129983716,8.966319226198056,0.5590528793896689,23.10994956046505,26,1.0,53.36951438982515,3.9772396913691974,3.258096538021482,20.153846153846153,蒙牛,5.5591179202427945,4.117114859684399,-14.222940983528998,1,0,0
P0088,5,5.454421537337574,233.7895933960575,3.155616422678901,0.5359749889633363,26.66196236544291,36,0.8055555555555556,35.93904258313929,3.58182424168893,3.58351893845611,16.13888888888889,蒙牛,1.9564821820609186,8.966319226198056,6.203152174312815,1,0,0
P0088,6,5.554672898573764,258.4424138108414,9.841105511977263,0.5825271466507401,24.801840280665743,43,1.0,48.970222893136814,3.891212417330104,3.7612001156935624,13.790697674418604,蒙牛,6.101485417425903,3.155616422678901,1.0394929371171566,1,0,0
P0088,7,4.75513667186647,116.17953055266454,9.412561554312356,0.48685976955545557,30.735280683294498,63,1.0,39.68806914846924,3.681050617298914,4.143134726391533,17.523809523809526,蒙牛,5.810988163673661,9.841105511977263,56.60153713821636,1,1,1
P0088,8,5.201429145103641,181.53149142053684,7.023085031332383,0.37950379292268643,24.195392606582637,42,0.9761904761904762,31.008605502692607,3.4342647628233185,3.7376696182833684,15.880952380952381,蒙牛,4.329512719426077,9.372561554312357,-3.4972687507788147,1,1,1
P0088,9,4.7046452484333665,110.4590924599857,4.466162206996206,0.2314889839515478,31.50985250418025,57,0.9649122807017544,29.400785197725682,3.381021381393635,4.04305126783455,18.403508771929825,蒙牛,2.7442205683376475,6.983085031332383,30.158275340029554,1,1,1
P0088,10,5.532258052807756,252.71390858986848,11.8002945113878,0.37677231162689684,19.463940441100178,29,1.0,35.220298594586204,3.5616225810158304,3.367295829986474,11.310344827586206,蒙牛,7.291382597060437,4.426162206996206,-61.53306180729388,1,1,1
P0088,11,5.451285396637257,233.05754484053,9.079025990580641,0.4118113227847173,26.228230065502323,35,1.0,12.53700694504456,2.5286848260975665,3.5553480614894135,10.942857142857143,蒙牛,5.604196114159998,11.760294511387801,13.847945492783696,1,1,1
P0088,12,6.210670184459449,498.0349147264051,9.530209667260625,0.2572351242786315,21.95421276804942,35,1.0,18.109686787005334,2.8964469767156857,3.5553480614894135,31.17142857142857,蒙牛,5.883929993701588,9.039025990580642,-26.022153518498822,1,1,1
P0089,1,3.914114041750694,50.10466120318077,7.853331834968927,-0.1061284666376516,30.77903031568624,39,1.0,18.586664158809285,2.922444342856385,3.6635616461296463,13.35897435897436,衣服,4.869065737680734,,47.7703858426956,0,0,0
P0089,2,5.393000076436733,219.86199991853925,12.096151074515243,0.03571334540535159,23.467461768151225,41,1.0,42.00104017175144,3.737694383970778,3.713572066704308,25.170731707317074,衣服,7.49961366619945,7.853331834968927,-14.863155957155644,0,0,0
P0089,3,6.234452782436985,510.0214493775348,2.644685604622123,-0.3387091669718412,19.728091318287092,43,0.813953488372093,20.969514278188985,3.04306968194595,3.7612001156935624,14.790697674418604,衣服,1.6397050748657163,12.096151074515243,-13.139118893084861,0,0,0
P0089,4,5.576270676687613,264.08490906642515,-1.4921392979922419,-0.47959484682491876,22.392851573793536,41,0.34146341463414637,21.124368481817722,3.0504272784445687,3.713572066704308,15.146341463414634,衣服,-0.92512636475519,2.644685604622123,3.4369355370075985,0,0,0
P0089,5,5.64486974957491,282.8367142212316,3.7717729159466065,-0.4933292428925411,24.70717176775178,60,0.8,14.90826917528337,2.7019160372149003,4.0943445622221,17.7,衣服,2.338499207886896,-1.4921392979922419,0.04133541035664193,0,0,0
P0089,6,4.5376209316680205,93.46816823714977,0.16671820436080428,-0.17255194345925823,27.45288817824984,29,0.6551724137931034,33.9390969081765,3.524567650971706,3.367295829986474,16.17241379310345,衣服,0.10336528670369866,3.7717729159466065,0.4595879987975813,0,0,0
P0089,7,5.605274801199083,271.8566216961486,1.5874736607082158,-0.34394538306817546,20.14259360298864,52,0.7307692307692307,19.01617539577275,2.945289953604583,3.9512437185814275,14.076923076923077,衣服,0.9842336696390938,0.16671820436080428,-7.228750253063605,0,1,0
P0089,8,5.218645098138547,184.68378607110344,2.0669959718346895,-0.1616409172556873,26.429241074332403,37,0.6216216216216216,26.409871886075603,3.2737378753345943,3.6109179126442243,15.027027027027026,衣服,1.2815375025375075,1.5874736607082158,3.582162830719037,0,1,0
P0089,9,4.088414062088873,59.64522303424381,5.555522915762192,-0.6397289742531704,28.075700466603294,56,0.9642857142857143,51.26875373493464,3.9370814776190413,4.02535169073515,14.964285714285714,衣服,3.4444242077725593,2.0669959718346895,18.774822166042366,0,1,0
P0089,10,4.108576821037781,60.86004117600059,11.225613680694508,-0.0866026205194581,29.507176488665035,31,0.967741935483871,23.145867441154024,3.1418162523358677,3.4339872044851463,16.225806451612904,衣服,6.959880482030595,5.555522915762192,54.00602180261724,0,1,0
P0089,11,4.875120579589088,130.9899469725774,8.8977821341434,-0.07487123315676028,27.052579884527546,49,1.0,32.013329227097564,3.466152354418511,3.8918202981106265,16.73469387755102,衣服,5.516624923168908,11.225613680694508,20.966442532895282,0,1,0
P0089,12,5.279322968860439,196.23697182630266,2.4364962088437654,-0.42295538099549423,23.24134949439621,30,0.7666666666666667,32.15217461737357,3.4704800881278466,3.4011973816621555,18.0,衣服,1.5106276494831345,8.8977821341434,-3.5447684939998454,0,1,0
P0090,1,3.6106324889963695,36.98944083201917,17.37097852135652,0.7675855640904122,29.06668040368971,17,1.0,28.723559966638057,3.357717690768455,2.833213344056216,9.352941176470589,洗发水,10.770006683241043,,75.91930196966894,1,0,0
P0090,2,3.746032534921838,42.352715307480295,4.611308783125289,0.5892552170844673,31.367616722685362,21,0.8095238095238095,14.096725685517924,2.645942549531424,3.044522437723423,10.380952380952381,洗发水,2.8590114455376794,17.37097852135652,30.763904326770014,1,0,0
P0090,3,3.798095826387317,44.61614666642073,16.865733259209005,0.7528401661279865,30.541267580676863,25,1.0,18.02386440670164,2.8916966801712,3.2188758248682006,13.12,洗发水,10.456754620709583,4.611308783125289,98.58113782395269,1,0,0
P0090,4,4.92660071187199,137.9099191000517,10.087000799719847,0.7264702202567279,19.344919833063525,20,1.0,21.37265970155808,3.0621125211822084,2.995732273553991,15.0,洗发水,6.253940495826305,16.865733259209005,-53.978494638252755,1,0,0
P0090,5,4.450893242021389,85.70346375698891,3.9548102130394227,0.666181538073695,23.590472650568838,34,0.9117647058823529,30.421256913066127,3.4151416046187824,3.5263605246161616,10.117647058823529,洗发水,2.4519823320844423,10.087000799719847,-4.372991730694116,1,0,0
P0090,6,3.575705411652052,35.719809100105,3.7859512708912755,0.5544437695263627,27.199836440984825,18,0.8888888888888888,25.83754977232613,3.251828851366017,2.8903717578961645,8.166666666666666,洗发水,2.3472897879525907,3.9548102130394227,9.478597780552047,1,0,0
P0090,7,4.232916583466695,68.91794427159557,12.745269823992897,0.6632784382739505,27.20478345183962,32,1.0,26.901874496851867,3.2921959680778223,3.4657359027997265,11.78125,洗发水,7.877267290875597,3.7859512708912755,31.87206926984724,1,1,1
P0090,8,4.805830680479671,122.22097544328935,6.7172121916926555,0.6016381250516512,23.802916807471334,33,0.9696969696969697,16.626283832961974,2.8109848065956795,3.4965075614664802,12.06060606060606,洗发水,4.139871558849446,12.705269823992898,-5.964725701384599,1,1,1
P0090,9,3.810743762204632,45.18403254757663,15.422237917969497,0.976627935422027,25.536876054886473,26,1.0,41.963297045685685,3.736795356363136,3.258096538021482,15.23076923076923,洗发水,9.536987509141088,6.6772121916926555,12.931284938605476,1,1,1
P0090,10,4.728439093377324,113.11885650161116,9.328112950271938,0.6097624400307617,24.84618633088518,48,0.9791666666666666,40.8920269814958,3.7109351047178847,3.871201010907891,9.958333333333334,洗发水,5.758630029168602,15.382237917969498,1.392972750721129,1,1,1
P0090,11,4.160100979750887,64.07799285300452,13.26695478190638,0.6498006431347455,23.736634527818513,19,1.0,31.033169401603956,3.4350566131607003,2.9444389791664403,9.157894736842104,洗发水,8.200711964781956,9.28811295027194,-12.692296057139478,1,1,1
P0090,12,4.026797793830384,56.08104035556492,21.199026765500616,0.9107594805884561,26.280492880389883,20,1.0,28.456118387495803,3.3483631950077486,2.995732273553991,21.5,洗发水,13.118596594610382,13.22695478190638,33.52182839821555,1,1,1
P0091,1,6.032903233472058,416.9237008488878,22.414312854240574,0.8079371787361878,28.46027904933494,14,1.0,21.197229927334103,3.053870509335713,2.6390573296152584,10.785714285714286,书籍,13.896873969629155,,84.36896251372747,0,0,0
P0091,2,6.258652604905324,522.5144322064874,19.545525901029784,0.7333731924465335,28.047471179747674,15,1.0,18.584988871502947,2.9223542049598485,2.70805020110221,14.266666666666667,书籍,12.118226058638466,22.414312854240574,65.5021109478693,0,0,0
P0091,3,7.766663691738427,2360.5825050526373,6.000091544015336,0.7076945809063456,14.212515739025408,16,1.0,19.2972512455105,2.9599626632553813,2.772588722239781,19.875,书籍,3.7200567572895085,19.545525901029784,-62.90314101560204,0,0,0
P0091,4,7.155106427134331,1280.6287242436977,13.405324184472702,0.7883310633504401,19.092859477401873,18,1.0,29.39381493484067,3.3807842758464606,2.8903717578961645,35.94444444444444,书籍,8.311300994373076,6.000091544015336,-75.11476541905739,0,0,0
P0091,5,4.896338420378334,133.79896608914143,3.797665215245216,0.717757050511612,34.10369794617074,19,0.9473684210526315,27.783688677486005,3.324449110278434,2.9444389791664403,22.0,书籍,2.354552433452034,13.405324184472702,35.72647977976968,0,0,0
P0091,6,7.6711004973569406,2145.441198927149,12.470667553685459,0.8178692391846732,20.468322064953284,21,1.0,17.648037345887555,2.8706245786630076,3.044522437723423,19.38095238095238,书籍,7.7318138832849845,3.797665215245216,-52.72461758623493,0,0,0
P0091,7,7.1667709269803614,1295.654079062151,11.74439945156071,0.799296401191825,22.10306685654755,24,1.0,21.27119372378293,3.0573537500530885,3.1780538303479458,13.666666666666666,书籍,7.28152765996764,12.470667553685459,-30.45493970177253,0,1,0
P0091,8,6.1841413588436485,484.9963469482477,15.806143718586588,0.6780576432861687,21.128115548334527,20,1.0,25.989175152892923,3.2576801110544578,2.995732273553991,11.45,书籍,9.799809105523684,11.74439945156071,-56.397855143077905,0,1,0
P0091,9,5.245067695168281,189.6286517385203,15.363792198217583,0.9093974651350296,29.436436134335445,18,1.0,24.85376116421327,3.2130090957863824,2.8903717578961645,14.38888888888889,书籍,9.525551162894901,15.806143718586588,72.8278090216296,0,1,0
P0091,10,7.350720744589986,1557.3185523635293,10.317828933118632,0.6860919343076954,21.583097605286472,20,1.0,26.76305499892603,3.2870223916335535,2.995732273553991,18.75,书籍,6.397053938533552,15.363792198217583,-32.12058818821325,0,1,0
P0091,11,6.237802784752561,511.7328874741834,22.414312854240574,0.5849846098544157,22.889057522758343,17,1.0,24.980984628006656,3.218114920574205,2.833213344056216,20.352941176470587,书籍,13.896873969629155,10.317828933118632,-40.50613976324014,0,1,0
P0091,12,5.473780692201128,238.3596558852437,17.285918807739836,0.751768463738636,31.51020607866874,20,1.0,16.553543362979408,2.806600179388974,2.995732273553991,14.8,书籍,10.7172696607987,22.414312854240574,117.786137654075,0,1,0
P0092,1,2.0911758443895576,4.639735149588976,-8.26482064992589,-1.5626028764510256,33.66200359141201,34,0.0,31.78842495202413,3.4591022283044244,3.5263605246161616,10.352941176470589,衣服,-5.124188802954051,,-74.10065434960661,1,0,0
P0092,2,3.0559324817869533,21.240983124928686,-3.8804957059282903,-1.3582652689692574,26.582997910164224,39,0.15384615384615385,53.54113305175381,3.9804502005831432,3.6635616461296463,12.512820512820513,衣服,-2.40590733767554,-8.26482064992589,-7.321662209993507,1,0,0
P0092,3,4.075699230456047,58.891645026765126,-3.5421119498428535,-1.5857777336782728,19.72161737364689,49,0.16326530612244897,30.021290693707176,3.4019068197416793,3.8918202981106265,13.16326530612245,衣服,-2.196109408902569,-3.8804957059282903,17.62057327366965,1,0,0
P0092,4,2.0911758443895576,5.937224923556333,-1.6223242039549755,-1.4575065687688036,30.34571060074744,33,0.21212121212121213,70.32701324355719,4.008329516072456,3.4965075614664802,24.87878787878788,衣服,-1.0058410064520849,-3.5421119498428535,-9.165317311644946,1,0,0
P0092,5,3.1691920536052405,23.7882569536759,2.3025878943513765,-1.1678333240202547,25.724803673937334,45,0.6666666666666666,36.22610985945517,3.5897801256795856,3.8066624897703196,12.911111111111111,衣服,1.4276044944978534,-1.6223242039549755,2.368421305178821,1,0,0
P0092,6,3.356328669372849,28.683690023798608,4.002616865053816,-1.1964331716744856,26.20734241517654,62,0.9354838709677419,33.25282805222314,3.504139817687159,4.127134385045092,16.693548387096776,衣服,2.481622456333366,2.3025878943513765,6.048473596757037,1,0,0
P0092,7,2.987726535878042,19.840524457914626,-3.3791481830506562,-1.2780914845604499,25.721107782398203,32,0.1875,41.22026234661304,3.7189299399887124,3.4657359027997265,17.0625,衣服,-2.119871873491407,4.002616865053816,-3.5042684266062682,1,1,1
P0092,8,4.154326405258602,63.70903601957832,0.75066560222444,-1.21261693760226,18.298042247426046,33,0.5151515151515151,56.34356260936365,4.008329516072456,3.4965075614664802,16.575757575757574,衣服,0.4406126733791528,-3.4191481830506563,-4.546959602149763,1,1,1
P0092,9,3.3719965311148488,29.136641235920102,5.278135811595794,-1.3557719101750676,25.62379615336337,57,0.9298245614035088,17.376556304192988,2.8551219589039163,4.04305126783455,15.789473684210526,衣服,3.247644203189392,0.71066560222444,4.858808515586591,1,1,1
P0092,10,2.76819348010412,15.929830444884216,-0.7497516495101435,-1.4174920984873685,30.544281599521995,67,0.44776119402985076,17.174653236264113,2.8434346478763013,4.204692619390966,13.791044776119403,衣服,-0.489646022696289,5.238135811595794,-4.6185221217042525,1,1,1
P0092,11,2.255758114318188,9.542524893370341,-5.719736749508604,-1.6759915936092533,32.633896626606074,58,0.034482758620689655,31.804997100549368,3.4596234189674044,4.060443010546419,11.827586206896552,衣服,-3.5710367846953344,-0.7897516495101435,-45.71897026919171,1,1,1
P0092,12,3.927396375886776,50.77460743055972,-6.9881406636028505,-1.3477924053007826,21.41493446523014,53,0.05660377358490566,12.060132313833488,2.4899051625351643,3.970291913552122,13.69811320754717,衣服,-4.357447211433767,-5.759736749508604,23.061284439897566,1,1,1
P0093,1,2.40169954105987,11.041926650424129,3.559387135467748,-1.059199985245373,32.5204447047477,17,0.9411764705882353,15.550314279556131,2.744080849324937,2.833213344056216,8.058823529411764,水果,2.2068200239900038,,27.849471021405208,0,0,0
P0093,2,2.0911758443895576,4.819647557039961,9.822895103968504,-0.9499778596540324,33.116655029625385,11,1.0,12.651936702059805,2.5378103024321366,2.3978952727983707,13.636363636363637,水果,6.090194964460473,3.559387135467748,82.71312250231068,0,0,0
P0093,3,3.1945897740874143,24.40016206017168,2.5927783081191396,-1.2238366700893888,23.309218648651097,21,0.8095238095238095,27.058083751532727,3.2979858054359217,3.044522437723423,39.523809523809526,水果,1.6075225510338664,9.822895103968504,-3.596167886746753,0,0,0
P0093,4,3.8846376756745493,48.649312436478006,0.7970495007317688,-1.0961701455564339,21.0588214302677,13,0.6153846153846154,36.15732514654932,3.58787956007075,2.5649493574615367,11.307692307692308,水果,0.49417069045369666,2.5927783081191396,-2.8991808330768296,0,0,0
P0093,5,4.88553409865414,132.36114036582487,1.5599132337534785,-1.0668093411875401,13.376034133339479,14,0.6428571428571429,24.95385434749615,3.2170282931318557,2.6390573296152584,18.357142857142858,水果,0.9671462049271566,0.7970495007317688,-17.65849623240506,0,0,0
P0093,6,3.4911235707157635,32.82280573938901,2.1955859729064877,-1.1172318714979084,19.628465630807632,19,0.7894736842105263,27.320647215674047,3.307642724600387,2.9444389791664403,13.789473684210526,水果,1.3612633032020223,1.5599132337534785,-11.126674207386095,0,0,0
P0093,7,3.0492753090620157,21.100047867092186,2.2573480042030356,-1.1638313633034294,26.598336062965974,25,0.8,11.206522015598026,2.4164959316381602,3.2188758248682006,19.04,水果,1.399555762605882,2.1955859729064877,4.293754553947387,0,1,0
P0093,8,4.477904828716677,88.04999945184139,-0.27325215399744673,-1.1067794325974278,15.160931268427582,22,0.36363636363636365,19.71872149905185,2.9815685143674773,3.091042453358316,9.909090909090908,水果,-0.16941633547841697,2.2573480042030356,2.6055361687463763,0,1,0
P0093,9,4.355945711778994,77.94049974262765,-1.4772595010197076,-1.1962016595112874,18.441261676182915,21,0.2857142857142857,31.44153417483795,3.4481297632800794,3.044522437723423,16.0,水果,-0.9159008906322187,-0.27325215399744673,9.240185712639471,0,1,0
P0093,10,3.4819581100243524,32.52334405213474,-8.26482064992589,-1.2885943489617393,20.87326011290937,25,0.0,45.658560844504045,3.8211911216496834,3.2188758248682006,17.64,水果,-5.124188802954051,-1.4772595010197076,31.596016838127035,0,1,0
P0093,11,3.994007281876339,54.271937137153344,-4.418572650090659,-1.1683203234275645,18.7989058448373,18,0.16666666666666666,30.208650157596626,3.408128312427343,2.8903717578961645,10.722222222222221,水果,-2.7395150430562083,-8.26482064992589,26.05767843332662,0,1,0
P0093,12,3.5852714770116445,36.06314670535478,-0.5071744093712865,-1.3719356123017585,21.448063763081258,25,0.4,24.14228412218924,3.183964831002213,3.2188758248682006,12.24,水果,-0.31444813381019765,-4.418572650090659,1.6473779789069853,0,1,0
P0094,1,5.767788716565218,319.8297159702091,20.0844777872473,0.4891626290181551,22.454450590069804,22,1.0,35.15108542350886,3.559655497538335,3.091042453358316,12.954545454545455,蒙牛,12.452376228093327,,-45.0246197280565,1,0,0
P0094,2,6.4565478610339,636.8587325458801,16.213378727935964,0.5332769459595625,12.443164196881131,13,1.0,16.240680326457618,2.787519225879338,2.5649493574615367,7.0,蒙牛,10.052294811320298,20.0844777872473,-198.66331468291213,1,0,0
P0094,3,3.7324282543647143,41.780438618614745,8.3365299065573,0.5218558859070498,30.24547955136587,22,0.9545454545454546,18.39799616825729,2.9122417547854194,3.091042453358316,16.227272727272727,蒙牛,5.168648542065527,16.213378727935964,46.26162971884253,1,0,0
P0094,4,5.655858488006749,285.9618722171605,15.757651260162355,0.7253510664465306,18.7981799374783,24,1.0,14.511057227384176,2.6749109262255386,3.1780538303479458,17.458333333333332,蒙牛,9.76974378130066,8.3365299065573,-92.93914215860114,1,0,0
P0094,5,4.431409432062064,84.04979594428296,15.530712884641053,0.5086104885543986,26.979577797171657,20,1.0,25.4328868351714,3.23604309383929,2.995732273553991,9.4,蒙牛,9.629041988477454,15.757651260162355,35.46228895143624,1,0,0
P0094,6,6.587503610058371,725.9663109212482,9.035397451643071,0.6807729460313624,13.443629905344364,16,1.0,33.76249034162176,3.5193504330504743,2.772588722239781,17.0625,蒙牛,5.601946420018704,15.530712884641053,-101.6715571995311,1,0,0
P0094,7,4.520375421947437,91.87008154973353,9.83602846037572,0.8546277691157536,27.599363370679757,18,1.0,54.18187421859302,3.9923464285022217,2.8903717578961645,24.944444444444443,蒙牛,6.073537645432947,9.035397451643071,28.439347362017767,1,1,1
P0094,8,6.195803407923398,490.68550730489716,7.163093069682915,0.7441723457357694,18.40077767401562,14,0.9285714285714286,14.850919246253557,2.698061765437469,2.6390573296152584,7.928571428571429,蒙牛,4.416317703203408,9.796028460375721,-44.84296904630773,1,1,1
P0094,9,5.1302496820342345,169.05932385153767,8.755127633080773,0.7064873354640568,26.992712972534083,23,0.9565217391304348,10.547013623818543,2.403916504521304,3.1354942159291497,9.08695652173913,蒙牛,5.40337913251008,7.123093069682915,20.014293667157084,1,1,1
P0094,10,5.008070726275147,149.61580768103246,12.210254881603651,0.6854996993969746,24.589960609585425,23,1.0,21.843766740348784,3.0839156058016886,3.1354942159291497,9.043478260869565,蒙牛,7.545558026594264,8.715127633080774,-1.2931140688058171,1,1,1
P0094,11,5.543588272544965,255.5934950734046,9.654897922911664,0.6298218657494042,20.727286709431986,19,1.0,29.55187095569719,3.386147056761413,2.9444389791664403,10.947368421052632,蒙牛,5.961236712205232,12.170254881603652,-38.160817509809675,1,1,1
P0094,12,5.261693698994924,192.80777323929786,19.06543612016084,0.5945626103500643,21.523283877892204,13,1.0,51.494879961596446,3.9414823845059432,2.5649493574615367,23.307692307692307,蒙牛,11.795770394499721,9.614897922911664,-60.366353128649976,1,1,1
P0095,1,5.825855220569101,338.9508869289568,1.1009141680911474,-0.05250414251565115,24.049138473969272,39,0.6923076923076923,23.08692582984043,3.1392664759076303,3.6635616461296463,14.153846153846153,计算机,0.6825667842165114,,-0.7123730970140578,0,0,0
P0095,2,5.9502397282689445,383.84534661275154,-5.235275053291992,0.03802425715574139,20.39431214329872,31,0.25806451612903225,28.138913852964134,3.3371534529656337,3.4339872044851463,15.451612903225806,计算机,-3.245870533041035,1.1009141680911474,22.521632256184983,0,0,0
P0095,3,5.9770527824977435,394.2766351107537,3.7503902473159236,0.23475593860306485,22.805091010689015,23,1.0,21.110850065623378,3.0497871294352388,3.1354942159291497,14.478260869565217,计算机,2.3252419533358726,-5.235275053291992,-7.092444046327893,0,0,0
P0095,4,4.747103579200219,115.24998816652955,9.7568021250552,0.18730169737920105,29.844126384631707,37,1.0,22.015977169883477,3.0917684247719923,3.6109179126442243,13.702702702702704,计算机,6.049217317534224,3.7503902473159236,50.22717594202296,0,0,0
P0095,5,5.297271901423517,199.7910162367489,0.3543513081101957,0.10171569941075431,27.21232254702636,36,0.6666666666666666,20.547787533919315,3.02275327256321,3.58351893845611,16.02777777777778,计算机,0.21969781102832134,9.7568021250552,0.891586843397521,0,0,0
P0095,6,4.784215326378472,119.60747342297361,12.840012370094048,0.10526581621577709,29.211811489254583,41,1.0,21.023816465623344,3.045655912508737,3.713572066704308,12.902439024390244,计算机,7.960807669458309,0.3543513081101957,57.98034531811247,0,0,0
P0095,7,4.807201308931487,122.38860984563777,13.542237024047722,-0.02347349896491041,27.88320290763147,50,1.0,37.283610334456036,3.6185538288637473,3.912023005428146,17.1,计算机,8.396186954909588,12.840012370094048,43.15897784576855,0,1,0
P0095,8,5.817046208607886,335.97817705333574,16.681676247241064,0.33386619950858093,25.357198381208722,40,1.0,20.782835210901936,3.0341274157722498,3.6888794541139363,11.425,计算机,10.34263927328946,13.542237024047722,11.026350444588616,0,1,0
P0095,9,4.9036511232194915,134.78098439647232,3.6060984219101266,0.24896844325838452,30.32802839659336,34,0.8823529411764706,24.360617101308197,3.19296777508685,3.5263605246161616,14.882352941176471,计算机,2.2357810215842786,16.681676247241064,20.30888197842389,0,1,0
P0095,10,5.275009281318542,195.39229000221917,-2.010422508579166,0.22011543366704045,27.411986165729758,47,0.19148936170212766,23.802823697127234,3.1698042163763747,3.8501476017100584,10.936170212765957,计算机,-1.246461955319083,3.6060984219101266,-5.459852261172744,0,1,0
P0095,11,4.496918200556203,89.74014358486558,6.865819326071593,0.17219533563692027,27.439039897585875,50,0.94,48.52224394119595,3.882022330763997,3.912023005428146,17.06,计算机,4.256807982164387,-2.010422508579166,18.83175651902944,0,1,0
P0095,12,6.601210387519559,735.9854779732113,0.4654819806595756,-0.07249034635300708,17.701100055840854,30,0.5,16.511206183877505,2.8040393130391896,3.4011973816621555,9.133333333333333,计算机,0.2885988280089369,6.865819326071593,-3.256098852080876,0,1,0
P0096,1,5.236370994652099,187.98665845598237,9.623102513454212,-0.3450031966112465,20.974308444771893,15,0.9333333333333333,41.10528839317527,3.7161367845915336,2.70805020110221,18.533333333333335,计算机,5.966323558341611,,-35.81626543958606,1,0,0
P0096,2,3.9523845468288696,52.059356920455066,8.504384325105182,-0.43245586556152915,28.052837559151524,13,0.9230769230769231,22.974515572310953,3.134385583027553,2.5649493574615367,18.615384615384617,计算机,5.272718281565212,9.623102513454212,28.546028503537777,1,0,0
P0096,3,5.701174539890224,299.21863888247594,11.765812397288347,-0.6726180277240025,14.790984574126512,15,1.0,27.995765462572404,3.332053265258711,2.70805020110221,7.4,计算机,7.294803686318775,8.504384325105182,-116.54305495980697,1,0,0
P0096,4,3.8135519953747163,45.31109817798883,-7.509146355218775,-0.5255498099465556,21.147196747771055,12,0.0,60.339318378001565,4.008329516072456,2.4849066497880004,10.25,计算机,-4.6556707402356405,11.765812397288347,26.650079614134732,1,0,0
P0096,5,4.552120198931491,94.83326069417774,6.095051814300336,-0.19605379312421067,25.145533664679274,17,1.0,22.05358118974857,3.0934750009389114,2.833213344056216,15.0,计算机,3.7789321248662087,-7.509146355218775,2.7386350383702944,1,0,0
P0096,6,4.1111416451775415,61.016336828506596,6.669508514472333,-0.3299420670217409,26.06090786146138,12,1.0,28.262657863249128,3.341541423196596,2.4849066497880004,14.0,计算机,4.135095278972846,6.095051814300336,9.10184652141926,1,0,0
P0096,7,4.861190255120541,129.1778652556435,14.402578792428844,-0.45691308840531686,22.207533974942525,16,1.0,36.30992250107255,3.592091051055268,2.772588722239781,16.125,计算机,8.904798851305884,6.669508514472333,-35.74384315272147,1,1,1
P0096,8,4.302786660605791,73.90545643438483,3.0683564473559644,-0.1809117446871537,25.71183516615662,17,0.8823529411764706,28.924375821480456,3.36468469364139,2.833213344056216,10.117647058823529,计算机,1.8775809973606978,14.362578792428845,3.0756670806628645,1,1,1
P0096,9,4.073323250715969,58.751885769651686,-1.4081106226890852,-0.6640752458032353,26.115815228247545,18,0.5555555555555556,39.76413110047599,3.682965277308451,2.8903717578961645,15.166666666666666,计算机,-0.8978285860672328,3.0283564473559643,-2.0557416145757137,1,1,1
P0096,10,5.013320493534583,150.40332117230307,3.505863790081237,-0.2561957057826531,19.533819687479554,24,0.8333333333333334,20.511723019352374,3.020996577300383,3.1780538303479458,15.333333333333334,计算机,2.148835549850367,-1.4481106226890852,-17.89215074079708,1,1,1
P0096,11,5.297772825363881,199.89112141029747,4.431186103537287,-0.22929322821508996,20.491029489213705,13,1.0,14.22295526621263,2.654857227410722,2.5649493574615367,13.23076923076923,计算机,2.7225353841931175,3.465863790081237,-18.465741734090713,1,1,1
P0096,12,4.730069664910982,113.3034553488549,11.195500901041358,-0.4396576284260957,23.12474690069304,21,1.0,23.836405198114512,3.1712140421577013,3.044522437723423,16.904761904761905,计算机,6.916410558645643,4.3911861035372866,-17.53048726636295,1,1,1
P0097,1,5.088497367861718,162.14603306635115,8.22491000548031,0.22268458619821033,21.74801389846565,31,0.967741935483871,15.34655130748809,2.730890778269055,3.4339872044851463,16.419354838709676,手机,5.099444203397793,,-24.24866917666376,0,0,0
P0097,2,4.759272269672387,116.66099725441123,12.25503103097277,0.4752218099682274,25.197687311690554,32,1.0,16.61170983672034,2.810107858527125,3.4657359027997265,13.875,手机,7.598119239203117,8.22491000548031,6.145587887395663,0,0,0
P0097,3,5.1241933894562415,168.03854531007283,5.9136222448517195,0.5341607852941958,23.661783386780847,51,0.9411764705882353,34.581929981941684,3.5433312907839336,3.9318256327243257,18.07843137254902,手机,3.666445791808066,12.25503103097277,-6.117223734191343,0,0,0
P0097,4,5.075999161430708,160.1321099022043,8.290825081481882,0.6710078667720953,26.455452723210126,42,0.9761904761904762,22.058974987734842,3.0937195480012694,3.7376696182833684,14.476190476190476,手机,5.140311550518767,5.9136222448517195,14.585551958161291,0,0,0
P0097,5,3.480415044718371,32.47319710824825,7.028158423843127,0.3053472425068142,29.141911117443737,33,1.0,30.212239760969656,3.4082471323713093,3.4965075614664802,15.606060606060606,手机,4.357458222782739,8.290825081481882,31.24507333290812,0,0,0
P0097,6,4.446072553067921,85.29130825090391,8.9148136421938,0.49450653551185936,27.37190648607561,72,1.0,38.70066502352732,3.655856783958565,4.276666119016055,14.541666666666666,手机,5.527184458160155,7.028158423843127,23.85331216469832,0,0,0
P0097,7,4.65878770379351,105.50809752830673,4.700734591613809,0.2042409059141848,25.281449423876122,79,0.9240506329113924,30.191075274820417,3.407546360004666,4.330733340286331,17.455696202531644,手机,2.9144554468005617,8.9148136421938,2.7510428803951754,0,1,0
P0097,8,4.724310333784103,112.65277876121549,8.188211683167859,0.3712863252481401,23.52718591514737,56,0.9285714285714286,20.97524389277325,3.043342880069851,4.02535169073515,12.071428571428571,手机,5.076691243564072,4.700734591613809,-9.572238136319706,0,1,0
P0097,9,5.246627951558201,189.9247519901933,7.462254443045909,0.13799319922350634,23.67672629586945,73,0.9863013698630136,26.789616515942722,3.288014369006238,4.290459441148391,13.972602739726028,手机,4.626597754688463,8.188211683167859,-7.60766636436239,0,1,0
P0097,10,3.478449678168259,32.40943804836161,14.136281398198738,0.3574542377030603,31.551577318954543,48,0.9791666666666666,13.080969981647309,2.571158500897808,3.871201010907891,16.604166666666668,手机,8.764494466883217,7.462254443045909,96.90936444802988,0,1,0
P0097,11,4.814491361770093,123.28408935889816,15.211826314199538,0.4174120205812345,26.418513739521146,42,1.0,14.71490526750589,2.688860943846561,3.7376696182833684,14.761904761904763,手机,9.431332314803713,14.136281398198738,26.1993454654367,0,1,0
P0097,12,5.1267684957626125,168.4718200526486,10.032102145444613,0.4708096790714245,22.211449310509877,58,0.9827586206896551,19.944515946433537,2.992954215643637,4.060443010546419,15.689655172413794,手机,6.21990333017566,15.211826314199538,-24.927399344855473,0,1,0
P0098,1,7.542613197567923,1886.7540497301034,1.9138498203679122,1.001677600227717,12.443164196881131,15,0.8,23.228770514490652,3.1453916187561983,2.70805020110221,8.733333333333333,平板,1.1865868886281055,,-23.45049452674989,1,0,0
P0098,2,6.1174172097038655,453.6913902321958,22.414312854240574,1.218269070414147,23.081753264279747,15,1.0,22.276557773228124,3.1035349046143472,2.70805020110221,12.466666666666667,平板,13.896873969629155,1.9138498203679122,-36.1869971270995,1,0,0
P0098,3,7.351327369671209,1558.2635474567296,8.8887273099934,0.8112268646311569,13.397411518871275,21,1.0,36.17697645071645,3.588422906843074,3.044522437723423,12.80952380952381,平板,5.511010932195908,22.414312854240574,-100.43196193266951,1,0,0
P0098,4,7.037032300861373,1138.0053328797555,9.738806264938457,1.3862574629812499,19.705608914744612,19,1.0,21.79542988391045,3.0817003094651207,2.9444389791664403,13.368421052631579,平板,6.038059884261844,8.8887273099934,-48.602522646872714,1,0,0
P0098,5,7.045120177822476,1147.2467011418998,6.580802039275157,1.0736261860822016,22.694343496608987,17,1.0,15.265110654374407,2.725569875055059,2.833213344056216,11.411764705882353,平板,4.080097264350597,9.738806264938457,-13.173904420592317,1,0,0
P0098,6,6.320524300414802,555.864355976132,15.142635791697067,1.299680257262591,20.303701485685355,27,1.0,34.709343078245084,3.5470089036860992,3.295836866004329,15.444444444444445,平板,9.388434190852182,6.580802039275157,-66.51419634325536,1,0,0
P0098,7,6.411953378175462,609.0822878323776,14.029264316431886,1.221868385463339,23.114071352383768,45,1.0,25.67303669657726,3.2454412853768018,3.8066624897703196,22.733333333333334,平板,8.67334387618777,15.142635791697067,-22.132992402041424,1,1,1
P0098,8,6.950423280613548,1043.5913666991876,13.895152586387983,0.9990148135957134,19.371257457911014,40,1.0,29.412383498660372,3.3814157930991127,3.6888794541139363,11.225,平板,8.59019460356055,13.989264316431887,-73.77806630961605,1,1,1
P0098,9,6.022769219911712,412.7199269383796,6.043071279281564,0.8601032492834582,19.509132203727063,20,0.9,16.08533429412692,2.777907943448413,2.995732273553991,21.05,平板,3.72190419315457,13.855152586387984,-31.138413480303356,1,1,1
P0098,10,6.3989842859468595,601.2340457584694,4.257192988108788,1.1199876575645333,20.918090379842788,33,0.9393939393939394,31.0020089704948,3.434052007885193,3.4965075614664802,20.575757575757574,平板,2.6146596526274486,6.003071279281564,-15.933070626470048,1,1,1
P0098,11,6.671696631548849,789.734356681623,16.11748552044982,0.8809905730435079,23.08009096414537,21,1.0,22.338397743326762,3.106307069642216,3.044522437723423,16.285714285714285,平板,9.968041022678888,4.217192988108788,-25.983172548208028,1,1,1
P0098,12,5.291529399617703,198.6470038555819,17.1606915532477,1.1691540071678863,26.335945818376622,38,1.0,14.607174539904232,2.6815128148562444,3.6375861597263857,11.342105263157896,平板,10.614828763013573,16.07748552044982,28.073366290359917,1,1,1
P0099,1,4.143459746336939,63.02047958451703,13.176882760927066,0.15960749217269615,30.765390135834966,25,1.0,15.76597301700853,2.7578540111690777,3.2188758248682006,11.92,衣服,8.16966731177478,,79.97284055934881,0,0,0
P0099,2,5.165486855141858,175.12269720627117,15.04172205416163,0.27711374211592626,26.09499636248787,32,1.0,15.012524962084294,2.7088848501580447,3.4657359027997265,11.71875,衣服,9.32586767358021,13.176882760927066,21.04011624319696,0,0,0
P0099,3,5.891732907466878,362.0321092460347,1.246358920643734,0.31596263309326633,19.998940329167297,25,0.64,24.594010388920395,3.202502933167032,3.2188758248682006,14.08,衣服,0.772742530799115,15.04172205416163,-5.854487224458846,0,0,0
P0099,4,5.677427320740071,292.1967336381951,3.0326540318154382,0.28234032721848545,22.54970669102741,42,0.9285714285714286,17.37301789649496,2.854918307043907,3.7376696182833684,12.452380952380953,衣服,1.8802454997255718,1.246358920643734,-6.509609864892284,0,0,0
P0099,5,3.3570726920128884,28.705039279756214,6.2129236213660635,0.3243957484636408,35.37579455912545,36,0.9444444444444444,21.659831022761708,3.075459440192539,3.58351893845611,13.055555555555555,衣服,3.852012645246959,3.0326540318154382,66.35142688550411,0,0,0
P0099,6,6.545670824492355,696.2235661527187,6.117226049426094,0.41525981970979103,15.212679279409443,36,0.9722222222222222,35.24554416676951,3.56233911465182,3.58351893845611,19.055555555555557,衣服,3.7926801506441783,6.2129236213660635,-58.01291720190399,0,0,0
P0099,7,5.586203342269971,266.72104641595683,9.581974177042168,0.17120672724162433,19.348349673378184,38,0.9736842105263158,22.954814770007918,3.1335277084030184,3.6375861597263857,14.236842105263158,衣服,5.940823989766145,6.117226049426094,-51.24308467293475,0,1,0
P0099,8,4.911276103614714,135.81261484283584,9.705175691503019,0.30172815006252596,25.281338663136903,39,1.0,18.757953392900994,2.931617843431831,3.6635616461296463,16.333333333333332,衣服,6.017208928731872,9.581974177042168,5.678751034067466,0,1,0
P0099,9,3.113889431376151,22.508419323559554,5.435148857530512,0.29900138312381574,34.523383997421405,25,0.92,28.72186251836672,3.357658592995355,3.2188758248682006,18.72,衣服,3.3697922916689174,9.705175691503019,53.412139275647995,0,1,0
P0099,10,5.134363700053927,169.75626959694566,5.686676771633854,0.28291645871604437,28.150016492048398,50,0.98,36.53395333421369,3.59824205652882,3.912023005428146,15.96,衣服,3.5257395984129896,5.435148857530512,19.640666243435025,0,1,0
P0099,11,4.219182011673196,67.97785644800331,13.690613965514888,0.16548546817148407,32.27657172836605,34,1.0,26.22733939710118,3.2668023551504106,3.5263605246161616,18.294117647058822,衣服,8.48818065861923,5.686676771633854,103.77977024969094,0,1,0
P0099,12,4.718246493516593,111.97173725540215,7.030745988132652,0.2508573795094037,27.256555716530464,44,0.9545454545454546,22.749939028588198,3.124562465331311,3.784189633918261,17.863636363636363,衣服,4.359062512642244,13.690613965514888,18.001121942402545,0,1,0
P0100,1,4.905658264054037,135.05178048600825,11.764036888398785,0.26318499865557093,24.81472335405149,39,1.0,13.335611780910199,2.5904380344151576,3.6635616461296463,11.794871794871796,衣服,7.293702870807246,,1.3941646273554855,1,0,0
P0100,2,5.203569869337067,181.9205165325276,8.33522854366553,0.36133132245963695,21.914654349368856,35,0.9428571428571428,15.940974329658898,2.768892796315786,3.5553480614894135,13.8,衣服,5.167841697072628,11.764036888398785,-23.184923907189983,1,0,0
P0100,3,3.9873089410131755,53.90962001937797,9.882600607557997,-0.026462104724273683,27.250252980887243,49,1.0,31.315589830984734,3.4441160512138427,3.8918202981106265,9.673469387755102,衣服,6.127212376685958,8.33522854366553,25.24056080568468,1,0,0
P0100,4,3.797804724982517,44.603160733652714,8.030448595441106,0.12918884145481074,29.97014288727791,36,0.9722222222222222,31.90946945428498,3.462902813836828,3.58351893845611,11.36111111111111,衣服,4.978878129173486,9.882600607557997,42.35202589387019,1,0,0
P0100,5,5.828239022959729,339.75984267576985,9.176686221174053,0.18245292271069877,21.082589097368217,40,0.975,18.03723943866624,2.8924384784608623,3.6888794541139363,13.325,衣服,5.689545457127913,8.030448595441106,-33.16108920401079,1,0,0
P0100,6,4.934115474702121,138.95018320758672,11.16378747902199,0.20724556174854755,25.308331358651916,55,1.0,29.230777081737862,3.3752221638446276,4.007333185232471,13.927272727272728,衣服,6.921548236993633,9.176686221174053,6.833563491544567,1,0,0
P0100,7,3.3589421739642664,28.758753025398363,12.835173456975761,0.4369925496897586,31.090961668095048,33,1.0,34.18044439428365,3.531653679191095,3.4965075614664802,14.030303030303031,衣服,7.9330075433249725,11.16378747902199,81.82192326278279,1,1,1
P0100,8,5.40381409718787,222.25249427993086,9.661076226638583,0.06962122760095019,22.980827140754535,79,1.0,23.267512892952293,3.147058091196079,4.330733340286331,20.164556962025316,衣服,5.965067260515922,12.795173456975762,-16.50385446999892,1,1,1
P0100,9,5.492093673112204,242.76494559218682,12.562149715303043,0.3017912488871512,20.73735186907476,33,1.0,23.994552958206512,3.1778268445138815,3.4965075614664802,12.515151515151516,衣服,7.763732823487887,9.621076226638584,-49.57344704608972,1,1,1
P0100,10,4.69090467748739,108.95170138702665,11.974478404893963,0.2050088604603907,26.197111410324258,59,0.9830508474576272,30.812141674692334,3.427908822516379,4.07753744390572,10.932203389830509,衣服,7.399376611034258,12.522149715303044,17.91244418107347,1,1,1
P0100,11,4.8926438950626325,133.30555444385348,4.466982173212924,0.10181026202529112,26.65975504378203,68,0.8970588235294118,26.61669565781856,3.281538675202784,4.219507705176107,14.617647058823529,衣服,2.7447289473920127,11.934478404893964,8.692567299017895,1,1,1
P0100,12,4.917486263009943,136.6586571386058,5.908272747436784,0.1331761520736663,24.242505138451587,57,0.9649122807017544,28.925667087432693,3.3647293354735313,4.04305126783455,12.807017543859649,衣服,3.638329103410806,4.426982173212924,-2.662479259104448,1,1,1
P0101,1,4.255684806663852,70.50508301084915,7.794924238382084,0.5816835030162071,27.313675643737287,31,0.9354838709677419,40.0087107610193,3.6890971994311865,3.4339872044851463,13.903225806451612,酒店,4.832853027796892,,20.402925953746973,0,0,0
P0101,2,5.1913685897990325,179.714339915037,2.6809205541425647,0.05304088477746882,21.52265663263154,26,0.7307692307692307,25.97382825194691,3.2570894253593807,3.258096538021482,15.923076923076923,酒店,1.6621707435683901,7.794924238382084,-8.508051480747183,0,0,0
P0101,3,5.471350987141842,237.7812152280724,3.5341530058556447,0.2911659531163929,20.115429231248562,33,0.7878787878787878,19.666716137525835,2.9789276707018613,3.4965075614664802,12.0,酒店,2.1911748636304997,2.6809205541425647,-16.189189388447016,0,0,0
P0101,4,4.780061876370911,119.11172001776555,-2.36591961381263,0.07807836598665824,24.29227840229828,28,0.17857142857142858,23.319857384476887,3.1493052458751216,3.332204510175204,11.678571428571429,酒店,-1.4668701605638306,3.5341530058556447,0.9556758923120107,0,0,0
P0101,5,6.179269157555513,482.6390942897299,9.10773980569359,0.459863952180369,20.388820730922316,34,1.0,19.18460735558862,2.954108257270487,3.5263605246161616,11.294117647058824,酒店,5.6467986795300265,-2.36591961381263,-39.23060458212436,0,0,0
P0101,6,4.142599163868131,62.96626859447029,10.180093634848994,0.3780761493199304,27.514702192703403,25,1.0,27.33995272285017,3.308349102064249,3.2188758248682006,10.52,酒店,6.311658053606377,9.10773980569359,28.692487741920825,0,0,0
P0101,7,4.4011276101418,81.54276529258055,12.466592787197149,0.36670498820309405,25.228931794109915,26,1.0,20.34037554576669,3.0126078538603256,3.258096538021482,7.730769230769231,酒店,7.729287528062232,10.180093634848994,6.641192992686468,0,1,0
P0101,8,5.531070738168931,252.41403572371487,13.58014631964957,0.1295747346812912,22.35085059025914,38,1.0,22.103490040184322,3.0957355164259295,3.6375861597263857,9.210526315789474,酒店,8.419690718182734,12.466592787197149,-31.850359559169533,0,1,0
P0101,9,5.013098880464569,150.36999352361542,5.662130699842768,0.3441611138386641,21.80370709325911,26,0.9615384615384616,34.43840260011895,3.5391722963734793,3.258096538021482,11.73076923076923,酒店,3.510521033902516,13.58014631964957,-16.377744351905033,0,1,0
P0101,10,4.569038784459599,96.45135466016637,10.746417878516484,0.28626054156996383,23.09139729866184,46,1.0,26.948679965463885,3.293934315282079,3.828641396489095,10.021739130434783,酒店,6.66277908468022,5.662130699842768,-17.24601607893918,0,1,0
P0101,11,4.045585647058812,57.14464282825134,11.40765755145071,0.37413748605394886,29.964903111945027,45,1.0,8.341701395853292,2.403916504521304,3.8066624897703196,14.444444444444445,酒店,7.07274768189944,10.746417878516484,60.103416857592485,0,1,0
P0101,12,4.674556849829284,107.18505748935313,12.021194173179229,0.21927234778764043,24.09882589552295,39,0.9743589743589743,32.8398319764347,3.4916421681410137,3.6635616461296463,18.102564102564102,酒店,7.453140387371121,11.40765755145071,-7.181301831546195,0,1,0
P0102,1,5.068264870609477,158.8983787621863,-0.5741700771257174,-1.0155551545281531,24.549570990035814,34,0.5294117647058824,9.886057778571587,2.403916504521304,3.5263605246161616,15.411764705882353,计算机,-0.35598544781794483,,0.08419723694775656,1,0,0
P0102,2,5.5508439211568055,257.4547357499716,-3.364285562002886,-0.8636853105912792,21.664542335077915,42,0.19047619047619047,22.098837471034198,3.09552500401949,3.7376696182833684,17.428571428571427,计算机,-2.0858570484417895,-0.5741700771257174,10.199404573949641,1,0,0
P0102,3,5.679718498749477,292.86697589768727,-2.043246711154788,-0.8731541384044978,20.19391008269561,39,0.1794871794871795,9.983760438543193,2.403916504521304,3.6635616461296463,17.692307692307693,计算机,-1.2668129609159684,-3.364285562002886,9.199314855392226,1,0,0
P0102,4,4.4304912764016615,83.97266056494247,7.208579304420176,-0.8108756957746973,26.34530650436097,36,1.0,36.49916014595148,3.597289250623759,3.58351893845611,15.833333333333334,计算机,4.469319168740509,-2.043246711154788,11.88762403378046,1,0,0
P0102,5,2.0911758443895576,7.86528543994278,-0.8822100057185192,-1.039946772290953,39.130673654705305,30,0.3333333333333333,21.134111296567905,3.0508883842379575,3.4011973816621555,13.233333333333333,计算机,-0.5469702035454819,7.208579304420176,-12.734225950493954,1,0,0
P0102,6,4.327130916098521,75.72670831356979,1.4784151316524825,-0.862635748457852,27.590715277489203,47,0.7659574468085106,22.306928917306085,3.104897343985085,3.8501476017100584,14.936170212765957,计算机,0.9166173816245391,-0.8822100057185192,4.2792765249649305,1,0,0
P0102,7,5.002905150552825,148.8449485768165,6.956998225776766,-0.9461281790849516,25.200521887355798,41,0.975609756097561,20.137975546753523,3.00260736320892,3.713572066704308,11.731707317073171,计算机,4.288538899981595,1.4784151316524825,3.4883062959611477,1,1,1
P0102,8,5.578352307055956,264.6352087945595,0.8471034053261641,-1.0276768518861021,19.206893937333046,20,0.7,22.850378107270537,3.128967664567445,2.995732273553991,21.05,计算机,0.5004041113022217,6.916998225776766,-4.43044780305243,1,1,1
P0102,9,5.475124123288326,238.68009084984666,4.322205103274672,-0.7748108374339945,22.12902890665434,37,0.918918918918919,32.01989286975772,3.466357361833981,3.6109179126442243,20.37837837837838,计算机,2.6549671640302965,0.8071034053261641,-10.993207205502443,1,1,1
P0102,10,4.430778370227368,83.99677205828363,16.80925116761941,-0.8061412353605629,29.598247803329826,19,1.0,34.158223537322,3.5310033633913487,2.9444389791664403,13.31578947368421,计算机,10.396935723924036,4.282205103274672,82.20345919368702,1,1,1
P0102,11,5.797164812026798,329.36442483810026,-2.5997787205720195,-1.026098270586325,19.768638191164893,34,0.17647058823529413,29.146468061684754,3.372333741190845,3.5263605246161616,12.176470588235293,计算机,-1.636662806754652,16.769251167619412,13.007706125693733,1,1,1
P0102,12,4.751233853970067,115.72698667423013,-4.052955878478363,-0.7504725270405066,27.7831362189676,41,0.04878048780487805,9.840319897198482,2.403916504521304,3.713572066704308,19.414634146341463,计算机,-2.537632644656585,-2.6397787205720196,-12.634642083954851,1,1,1
P0103,1,3.5649531384100452,35.3377973801073,16.890786321378766,0.48271599387534125,39.130673654705305,11,1.0,16.36012331455057,2.7948468687104095,2.3978952727983707,18.272727272727273,蒙牛,10.472287519254834,,243.80939697319354,0,0,0
P0103,2,5.8268723831722085,339.2958304975395,-4.36620195185071,0.5872778623490401,28.26272726776757,14,0.21428571428571427,32.14272283953982,3.47018607481495,2.6390573296152584,15.928571428571429,蒙牛,-2.70704521014744,16.890786321378766,-15.572123209076226,0,0,0
P0103,3,4.085908570326255,59.49596947411288,6.545854700920865,0.5613600592377952,39.130673654705305,16,0.9375,18.125737452171684,2.897332886929413,2.772588722239781,8.8125,蒙牛,4.058429914570936,-4.36620195185071,94.48588460832451,0,0,0
P0103,4,4.72738783818057,113.0000021999099,3.809186580127421,0.3279491231059301,31.244019102625593,11,0.8181818181818182,18.700184310690837,2.928533379998645,2.3978952727983707,19.636363636363637,蒙牛,2.361695679679001,6.545854700920865,24.941816576510714,0,0,0
P0103,5,5.655919866457126,285.9794246524093,20.769773787992747,0.667876982213785,24.74309360190538,10,1.0,41.09532943560978,3.715894476008526,2.302585092994046,8.2,蒙牛,12.877259748555502,3.809186580127421,0.9737073543571968,0,0,0
P0103,6,7.685741315168074,2177.083280406179,14.62015696126167,0.29355818374230225,15.872772194852804,7,1.0,14.092716941130528,2.64565813493923,1.997987392178877,24.285714285714285,蒙牛,9.064497315982235,20.769773787992747,-129.00008397847313,0,0,0
P0103,7,6.026545059210519,414.2812368305775,6.258820442976892,0.492550129039972,16.885317852101252,15,0.9333333333333333,60.12050663124898,4.008329516072456,2.70805020110221,15.0,蒙牛,3.8804686746456727,14.62015696126167,-48.886987861745574,0,1,0
P0103,8,4.897468451403043,133.9502485327249,11.155976468778562,0.22337339816632257,29.867436802111374,14,1.0,22.28815600202392,3.104055416385887,2.6390573296152584,16.5,蒙牛,6.916705410642709,6.258820442976892,57.690055271733804,0,1,0
P0103,9,4.711667395254979,111.23748221001037,11.61593617929745,0.4105790096808883,33.533273351425,16,1.0,20.913109882049618,3.0403762294047123,2.772588722239781,7.5625,蒙牛,7.201880431164419,11.155976468778562,102.65073344935897,0,1,0
P0103,10,7.949213576952215,4957.296178021461,1.5800556819239437,0.3817279596512769,12.443164196881131,11,0.7272727272727273,32.995300532744686,3.4963651432268383,2.3978952727983707,16.636363636363637,蒙牛,0.9796345227928451,11.61593617929745,-19.360498784483802,0,1,0
P0103,11,4.004986593102727,54.871088743088606,5.691961637026682,0.25601958019708726,35.845701883788394,7,0.7142857142857143,20.30060732901201,3.0106508032855372,1.997987392178877,11.285714285714286,蒙牛,3.5290162149565427,1.5800556819239437,63.46246515239389,0,1,0
P0103,12,7.137865397275266,1258.7386124454993,9.896065804403648,0.27353502385514583,16.232735829346392,11,1.0,19.095747046716596,2.949465642547276,2.3978952727983707,10.818181818181818,蒙牛,6.135560798730261,5.691961637026682,-83.75512327092088,0,1,0
P0104,1,7.2230786509490175,1370.702486056857,13.96655528364649,1.123470739537665,18.51303989616348,9,1.0,31.128037071926947,3.4381089266326788,2.1972245773362196,6.888888888888889,洗发水,8.659264275860824,,-86.35762369918314,1,0,0
P0104,2,7.047814286114488,1150.3416752180917,16.312342075773998,1.2458464845865906,21.034569330821313,8,1.0,10.71252748229042,2.403916504521304,2.0794415416798357,16.75,洗发水,10.11365208697988,13.96655528364649,-59.72997791985806,1,0,0
P0104,3,7.2292521381455845,1379.1906742068356,5.867101066182806,0.9319324367946491,19.67924056877825,18,0.9444444444444444,19.9763954090481,2.994551346987021,2.8903717578961645,15.333333333333334,洗发水,3.6376026610333394,16.312342075773998,-29.43508208055622,1,0,0
P0104,4,5.729001654800652,307.6619621611467,7.884433834643785,1.1042096727273436,29.349822118270083,10,1.0,12.552482645827515,2.529918466398583,2.302585092994046,18.6,洗发水,4.888348977479146,5.867101066182806,36.69107616817879,1,0,0
P0104,5,5.8209205680029665,337.28240214707733,12.961118813494119,1.3312415576178342,26.84021602101765,10,1.0,19.908308717882953,2.9911371681034655,2.302585092994046,8.5,洗发水,8.035893664366354,7.884433834643785,27.78868279542339,1,0,0
P0104,6,7.918531617811321,2747.733359298055,11.498252887523924,1.104927669806176,13.952913952817054,10,1.0,22.185434944041877,3.099435989959488,2.302585092994046,12.3,洗发水,7.1289167902648325,12.961118813494119,-123.52916494072068,1,0,0
P0104,7,7.075077219759862,1182.1347814441585,15.367181595101133,1.1017155276736088,21.759938277297916,16,1.0,36.49506814069141,3.5971771320258807,2.772588722239781,12.9375,洗发水,9.502852588962703,11.498252887523924,-45.004810089294594,1,1,1
P0104,8,7.546980283019039,1895.0116836632783,15.887015509285334,1.196524571608759,15.636147022688855,12,1.0,16.312777190076254,2.7919486774336373,2.4849066497880004,18.75,洗发水,9.825149615756908,15.327181595101134,-143.57500006226616,1,1,1
P0104,9,5.77148587795765,321.01436662115594,22.454312854240573,1.190180689565423,28.562453598779562,19,1.0,28.85028307712052,3.362119804937878,2.9444389791664403,10.052631578947368,洗发水,13.896873969629155,15.847015509285335,86.65913483072032,1,1,1
P0104,10,5.948896224161576,383.32999507895175,19.258447199345646,1.1906553680273315,25.10627939027278,18,1.0,41.33739261650882,3.721767480578715,2.8903717578961645,30.27777777777778,洗发水,11.9154372635943,22.414312854240574,7.880846540514598,1,1,1
P0104,11,6.874318169204888,967.115731442661,9.120085896046929,0.9254019991133506,23.411638353513823,20,1.0,13.6904862560357,2.616701157737189,2.995732273553991,11.4,洗发水,5.629653255549096,19.218447199345647,-11.664044694749487,1,1,1
P0104,12,6.644151625003919,768.2779832424993,7.390773076176806,1.1873372818294528,19.366352344444852,18,0.9444444444444444,38.59578186557843,3.653142992405676,2.8903717578961645,17.333333333333332,洗发水,4.557479307229619,9.08008589604693,-39.17859342564306,1,1,1
P0105,1,4.843877721450489,126.96071672072028,9.370097118677574,-0.31584970112740496,25.823105264753114,20,0.95,43.74335471964703,3.7783397091444932,2.995732273553991,11.85,手机,5.8094602135800955,,10.559093507970994,0,0,0
P0105,2,5.389812177771062,219.16221815168666,4.98691647635489,-0.06632395664853186,25.801458795831795,18,0.8888888888888888,29.441211621518242,3.382395448636029,2.8903717578961645,22.27777777777778,手机,3.0918882153400316,9.370097118677574,5.511770356333818,0,0,0
P0105,3,6.0589138197282555,427.9103965154147,2.790898302835619,-0.3369683586697466,23.565005573229517,17,0.7058823529411765,13.108661533029277,2.5732731974475502,2.833213344056216,9.058823529411764,手机,1.7303569477580838,4.98691647635489,-3.157083831660461,0,0,0
P0105,4,4.405155079416178,81.87183849564032,-3.6294315136629427,-0.44024470560173556,30.10967644337413,32,0.1875,37.4850645933533,3.6239425761322335,3.4657359027997265,11.65625,手机,-2.2502475384710245,2.790898302835619,-19.647796192551304,0,0,0
P0105,5,4.116111325644064,61.32032325784447,-1.174512410570535,-0.5421853459458985,35.82194763093801,17,0.4117647058823529,19.078321309844085,2.9485526804851707,2.833213344056216,9.882352941176471,手机,-0.7281976945537316,-3.6294315136629427,-13.067313845099221,0,0,0
P0105,6,4.147703412343522,63.288485713494545,2.949473489514384,-0.3659300478530567,34.932355881304645,20,0.9,28.624060764222865,3.3542476496058815,2.995732273553991,18.5,手机,1.828673563498918,-1.174512410570535,30.191233179150817,0,0,0
P0105,7,6.786341673209325,885.6675666086303,4.725177067014289,-0.1556353968396098,14.339260273024403,16,0.9375,25.5436548185838,3.240388942111961,2.772588722239781,8.0,手机,2.929609781548859,2.949473489514384,-48.93843372200065,0,1,0
P0105,8,3.8706147964924886,47.9718699539855,7.833812364941047,-0.2674270585264554,34.723748338535,23,1.0,21.594685127973154,3.072447225522532,3.1354942159291497,8.91304347826087,手机,4.856963666263449,4.725177067014289,78.55383328863073,0,1,0
P0105,9,5.98348114444352,396.8193520241017,0.9038258279640584,-0.21834996493119346,18.770126524317146,27,0.7407407407407407,30.81335526759852,3.427948208581127,3.295836866004329,20.037037037037038,手机,0.5603720133377162,7.833812364941047,-5.356149673530198,0,1,0
P0105,10,6.882470498626566,975.0322024697839,5.448556582472535,-0.2590685349948235,17.36198325343948,22,1.0,12.886876249521624,2.556209448522631,3.091042453358316,14.318181818181818,手机,3.3781050811329716,0.9038258279640584,-39.96096370165965,0,1,0
P0105,11,4.154504537977909,63.72038569425309,-5.616088826950808,-0.18633466007481472,36.19025509647465,19,0.10526315789473684,33.36339997424238,3.5074594899904077,2.9444389791664403,16.57894736842105,手机,-3.481975072709501,5.448556582472535,-64.5515635192238,0,1,0
P0105,12,4.940944839959448,139.9023724846095,1.2031107554020526,-0.3355669110871732,25.984250601218992,48,0.6041666666666666,19.77226414601677,2.984280154955756,3.871201010907891,10.666666666666666,手机,0.7459286683492726,-5.616088826950808,1.5496523465564513,0,1,0
P0106,1,4.423875119768192,83.4189181329847,2.0054962539166503,-0.20235545805350777,25.078598899719854,15,0.8,31.995523053484977,3.4655959884335736,2.70805020110221,10.066666666666666,热水器,1.2434076774283231,,0.7668742481693271,1,0,0
P0106,2,4.108920972548721,60.8809898556803,4.640056963965661,-0.18042118758191567,25.227827607310985,19,0.8947368421052632,15.437541533946723,2.736802304842664,2.9444389791664403,16.105263157894736,热水器,2.8768353176587094,2.0054962539166503,2.4667238162516316,1,0,0
P0106,3,5.6361772127700895,280.3888003774185,-5.130403086411942,0.025200427140127657,17.496561324526276,12,0.0,36.21493356095734,3.5894715630731184,2.4849066497880004,8.5,热水器,-3.180849913575404,4.640056963965661,36.93711323597838,1,0,0
P0106,4,5.448803726778488,232.47989002687663,5.515208378557077,-0.05322023234384618,23.66872658105091,24,0.9583333333333334,35.08005119825464,3.557632626974258,3.1780538303479458,14.375,热水器,3.4194291947053874,-5.130403086411942,-5.666799620096992,1,0,0
P0106,5,6.379950356422819,589.8984222637044,-4.622555979805921,-0.0764508034355244,17.153781216683235,23,0.17391304347826086,29.011270944087862,3.367684407724774,3.1354942159291497,8.956521739130435,热水器,-2.865984707479671,5.515208378557077,34.86531139341779,1,0,0
P0106,6,4.336505921746573,76.43998489350834,7.294029813855321,-0.23380923967564216,27.484330483531235,33,0.9696969696969697,32.076524812482965,3.4681244483423894,3.4965075614664802,13.606060606060606,热水器,4.522298484590299,-4.622555979805921,20.336614808926445,1,0,0
P0106,7,5.3060110610501585,201.5446734035889,11.112165801942455,-0.09084656445521733,16.637946812219536,21,1.0,20.51498790421246,3.0211557362869788,3.044522437723423,11.238095238095237,热水器,6.864742797204323,7.294029813855321,-89.22245511840808,1,1,1
P0106,8,6.166526034327348,476.52778611268144,2.057984593439538,-0.17417600377851383,18.355918861695518,29,0.7586206896551724,17.59014379434236,2.8673387334939022,3.367295829986474,13.448275862068966,热水器,1.2511504479325137,11.072165801942456,-12.794615125518186,1,1,1
P0106,9,3.3534107381441145,28.600114981334727,5.873597674971597,-0.16839351740341493,34.95604958783917,22,1.0,12.69045253327662,2.5408499417111665,3.091042453358316,18.0,热水器,3.6168305584823903,2.017984593439538,59.85176107140654,1,1,1
P0106,10,5.228580320610189,186.52780577727083,-2.246487080312525,-0.3778701177634476,19.986198546923347,23,0.30434782608695654,35.591860429615544,3.5721169720984216,3.1354942159291497,13.652173913043478,热水器,-1.4176219897937656,5.833597674971597,10.76938633000839,1,1,1
P0106,11,3.5641270211940315,35.30861627248289,14.725206058947673,-0.37597676429439725,33.188288766419696,42,1.0,26.198522818092847,3.265703028188761,3.7376696182833684,15.904761904761905,热水器,9.104827756547557,-2.2864870803125252,124.70788805385891,1,1,1
P0106,12,3.6602236178418623,38.8700339326592,9.795106853765825,-0.2682006213333838,29.041610656633125,22,1.0,27.001379191909837,3.2958879458815757,3.091042453358316,12.818181818181818,热水器,6.048166249334812,14.685206058947674,42.3898221531666,1,1,1
P0107,1,2.998650821217674,20.058456215405332,-1.9102921468147016,-0.7836493279717145,32.03147950450345,17,0.4117647058823529,33.0579856297119,3.4982631597958083,2.833213344056216,8.470588235294118,衣服,-1.1843811310251149,,-14.01250272105833,0,0,0
P0107,2,3.524929830460273,33.951391179169136,-0.18919327043640893,-1.0293676770265678,30.68106133010803,40,0.45,46.56997260965252,3.8409559688397756,3.6888794541139363,14.3,衣服,-0.11729982767057354,-1.9102921468147016,-1.13229310021568,0,0,0
P0107,3,4.573702267327448,96.90220434801013,5.318643140604994,-0.779107692788771,24.745186743869716,50,0.94,37.781144611337986,3.6318101583676814,3.912023005428146,13.5,衣服,3.2975587471750964,-0.18919327043640893,0.2604758790813742,0,0,0
P0107,4,3.2392512121135097,25.514609562189452,-2.8570196830149164,-0.660338811081653,32.45407824683771,42,0.19047619047619047,23.05779936534533,3.1380040794694675,3.7376696182833684,23.142857142857142,衣服,-1.7713522034692482,5.318643140604994,-22.16437478927645,0,0,0
P0107,5,4.222769161747683,68.22214110173387,10.930751482433605,-0.9707131761485748,28.492872725638254,47,1.0,16.443885905436307,2.7999537306411106,3.8501476017100584,12.191489361702128,衣服,6.777065919108835,-2.8570196830149164,41.50034805969963,0,0,0
P0107,6,4.983878607074566,146.0397152642101,-2.9751156741546527,-0.7761124080954578,23.565774199157474,61,0.19672131147540983,21.840328921211906,3.083758211258347,4.110873864173311,17.39344262295082,衣服,-1.8445717179758847,10.930751482433605,3.363185069496709,0,0,0
P0107,7,3.559259895852828,35.137182345089855,1.768249660163865,-0.7856163194774859,31.194220357813744,36,0.6388888888888888,25.525023946469222,3.2396593022077513,3.58351893845611,11.75,衣服,1.0963147893015963,-2.9751156741546527,11.490099971170597,0,1,0
P0107,8,3.0917072230329796,22.01462979502588,-4.744539765717629,-0.9604844794438168,33.444281345974204,51,0.0784313725490196,20.58582153465363,3.024602563808732,3.9318256327243257,12.450980392156863,衣服,-2.9416146547449302,1.768249660163865,-41.50555993567121,0,1,0
P0107,9,3.9764355262614743,53.32661374045131,2.102634027865161,-0.7991641252155035,28.47925473217074,35,0.8,38.67827582459681,3.6552780942192142,3.5553480614894135,10.914285714285715,衣服,1.3036330972763999,-4.744539765717629,7.954353070376482,0,1,0
P0107,10,4.848501265659774,127.54908433101444,6.704025601146026,-0.6110436685374634,24.71260090556885,57,0.9824561403508771,19.091153769379527,2.949225074328276,4.04305126783455,18.36842105263158,衣服,4.156495872710536,2.102634027865161,0.10986747478736258,0,1,0
P0107,11,4.137950217959923,62.67422119999682,6.074479347834558,-0.7305981834612078,29.49022052515722,42,0.9761904761904762,20.799675167116277,3.0349373696197626,3.7376696182833684,15.404761904761905,衣服,3.7661771956574257,6.704025601146026,29.121102003062152,0,1,0
P0107,12,4.564333749462323,95.9986135774821,6.511754842416507,-0.8684252908493879,24.98606590509696,47,0.9787234042553191,11.606601633555918,2.4515740425737476,3.8501476017100584,14.638297872340425,衣服,4.037288002298235,6.074479347834558,1.8874535219173123,0,1,0
P0108,1,4.794994309907553,120.90369382790199,14.385136780180478,-0.21567097439176158,23.321473196831587,19,1.0,26.46141871835121,3.275687774723035,2.9444389791664403,13.0,衣服,8.918784803711896,,-19.77581466347023,1,0,0
P0108,2,4.899542206867486,134.22831681574203,11.861897100977755,-0.3734736317870291,26.06116007220349,22,1.0,26.853689951655987,3.2904032398795366,3.091042453358316,14.409090909090908,衣服,7.354376202606208,14.385136780180478,16.190866206418207,1,0,0
P0108,3,3.5950171030951537,36.41632281438715,18.394390324962142,-0.15091220169925207,31.307962513502705,13,1.0,21.879410323864334,3.0855460267273713,2.5649493574615367,9.307692307692308,衣服,11.404522001476527,11.861897100977755,121.61910824131643,1,0,0
P0108,4,4.309918555873188,74.43442644660486,19.03134995460831,-0.11193125961936212,32.72140222533496,18,1.0,10.781830265596332,2.403916504521304,2.8903717578961645,12.777777777777779,衣服,11.799436971857151,18.394390324962142,152.7301917993489,1,0,0
P0108,5,4.490522285752261,89.16800489755974,13.147386093992644,-0.4169719877581509,28.747625928270285,16,0.9375,16.631785295757478,2.811315641366898,2.772588722239781,13.1875,衣服,8.15137937827544,19.03134995460831,53.26549496815575,1,0,0
P0108,6,2.8542831343907595,17.361986534405112,13.840859968682974,-0.4233539853834843,34.9927953208196,13,1.0,28.17589924127474,3.3384669756995695,2.5649493574615367,12.0,衣服,8.581333180583444,13.147386093992644,142.5135592948328,1,0,0
P0108,7,3.786133680170285,44.08562123394271,12.418931284376704,-0.41523371364991757,32.49849721862033,19,1.0,24.50371757080218,3.198824843623461,2.9444389791664403,15.31578947368421,衣服,7.674937396313557,13.840859968682974,96.5839448867447,1,1,1
P0108,8,5.768245424390615,319.9758180647327,-4.650721139676773,-0.34238964117391363,20.76735865885053,16,0.0625,28.226973942953567,3.3402780435674164,2.772588722239781,9.1875,衣服,-2.908247106599599,12.378931284376705,18.4291583381207,1,1,1
P0108,9,4.195796640116982,66.40661268258906,1.2952140848609945,-0.3830595572850727,28.237935261130392,10,0.5,24.63556630973665,3.2041911837461834,2.302585092994046,14.4,衣服,0.7782327326138165,-4.690721139676773,4.445620141716244,1,1,1
P0108,10,4.820307793802731,124.00325233916536,3.6907439779487285,-0.37005217701230486,23.394703264555233,15,1.0,31.7823150020026,3.4589100030748687,2.70805020110221,10.133333333333333,衣服,2.263461266328212,1.2552140848609945,-4.75147744774665,1,1,1
P0108,11,5.448769231222895,232.47187064222325,-0.6408689287607898,-0.31425368645134966,19.916484891716262,22,0.3181818181818182,21.67201602512527,3.076021844221671,3.091042453358316,9.181818181818182,衣服,-0.4221387358316897,3.6507439779487285,3.2543680992648256,1,1,1
P0108,12,5.175431133904392,176.87285372455318,7.51989308537951,-0.5016893412829583,25.59987881475303,22,0.9545454545454546,41.04522447834006,3.7146744948640915,3.091042453358316,7.954545454545454,衣服,4.637533712935296,-0.6808689287607899,6.759326509100215,1,1,1
P0109,1,5.569866335128186,262.39902336430276,3.35856615182649,-1.2802438353694878,19.478443771269905,17,0.8235294117647058,8.610181208892245,2.403916504521304,2.833213344056216,21.235294117647058,酒店,2.082311014132424,,-17.52422184902309,0,0,0
P0109,2,5.466340511333951,236.59279795585104,0.2513683126244422,-1.3613373736206438,21.65241988651896,26,0.5769230769230769,25.698030368823577,3.2464143496188433,3.258096538021482,21.615384615384617,酒店,0.15584835382715417,3.35856615182649,-0.7651130438145538,0,0,0
P0109,3,4.995758893023606,147.78505588605816,1.2031192514514077,-1.0972344537624277,20.472999780220622,20,0.8,36.76031925620653,3.6044189823302553,2.995732273553991,23.95,酒店,0.7459339358998728,0.2513683126244422,-5.081028672529818,0,0,0
P0109,4,6.178223361172703,482.13461590753127,-7.062971611662415,-1.4630415481448789,12.443164196881131,16,0.125,11.07670556545264,2.404844305469474,2.772588722239781,11.8125,酒店,-4.3790423992306975,1.2031192514514077,86.5429331806396,0,0,0
P0109,5,3.9788529716165133,53.45568386226375,6.916942029806073,-1.3965472225576776,25.692196328635344,23,1.0,36.9969579700541,3.6108356922386546,3.1354942159291497,26.73913043478261,酒店,4.288504058479766,-7.062971611662415,6.889161563680343,0,0,0
P0109,6,3.2680112481652035,26.259064616829537,-0.2763911970344051,-1.1857111479752118,35.35121787678197,37,0.6216216216216216,34.63018270618538,3.5447256343514777,3.6109179126442243,13.45945945945946,酒店,-0.17136254216133118,6.916942029806073,-2.9449496568670646,0,0,0
P0109,7,4.137532598481808,62.6480526890683,9.233027694602509,-1.4815656539362376,24.224204018274005,15,1.0,45.50049140228128,3.8177231259487225,2.70805020110221,10.133333333333333,酒店,5.7244771706535555,-0.2763911970344051,-4.35806850728632,0,1,0
P0109,8,5.9296614232247595,376.0271782001153,2.2283525775796442,-1.1216128141392971,17.125596035535363,27,0.6666666666666666,23.283954688280936,3.1477644833622827,3.295836866004329,22.14814814814815,酒店,1.3815785980993793,9.233027694602509,-16.870002983590087,0,1,0
P0109,9,4.053610577004045,57.60506955888761,-0.5371235576694573,-1.0951017484643935,24.660927656902516,27,0.5925925925925926,25.33679491477043,3.2322576836561563,3.295836866004329,12.666666666666666,酒店,-0.33301660575506353,2.2283525775796442,0.018952385810505564,0,1,0
P0109,10,6.15479119944244,470.9684937094681,-1.676726197317107,-1.0737090690500715,18.22911668057418,48,0.3958333333333333,16.46070708045617,2.8009761518266516,3.871201010907891,13.833333333333334,酒店,-1.0395702423366064,-0.5371235576694573,10.843549185005838,0,1,0
P0109,11,4.389789234884773,80.62342458425451,10.013816592349658,-1.344454767347539,29.461221660259135,28,1.0,24.65655870015555,3.205042938126171,3.332204510175204,27.964285714285715,酒店,6.2085662872567875,-1.676726197317107,47.7159265732761,0,1,0
P0109,12,4.452108676321997,85.80769401620466,2.7499033447668206,-1.2325167459596318,26.439190580710644,33,0.9090909090909091,28.89826146658101,3.3637814364431806,3.4965075614664802,21.09090909090909,酒店,1.7049400737554288,10.013816592349658,4.793020919408668,0,1,0
P0110,1,5.264727492726247,193.39360044322626,9.236160190973495,0.33828365624584633,30.551220522043938,38,1.0,18.555677214061014,2.920775791505444,3.6375861597263857,10.710526315789474,书籍,5.7264193184035665,,54.07779088722861,1,0,0
P0110,2,6.3038972114924485,546.6983629593212,7.360390152003025,0.5113066804183076,23.78410370611431,48,0.9791666666666666,19.06518909338821,2.947864111612725,3.871201010907891,16.479166666666668,书籍,4.563441894241875,9.236160190973495,-6.713477479642513,1,0,0
P0110,3,6.216254038813978,500.82364784757686,16.582439182510736,0.5085953980810071,23.90807319020036,39,1.0,31.745029553868797,3.4577361635991037,3.6635616461296463,21.435897435897434,书籍,10.281112293156657,7.360390152003025,-13.069274189756557,1,0,0
P0110,4,4.622291858032447,101.72690880052734,2.197204677230943,0.45831783159469036,36.26218649382691,34,0.7058823529411765,19.668691581789556,2.9790281117233186,3.5263605246161616,15.647058823529411,书籍,1.3622668998831846,16.582439182510736,25.412811888624418,1,0,0
P0110,5,6.735400646298984,841.6806327743798,8.80881387947523,0.48116811080065525,24.666922373037128,33,1.0,15.711013501703253,2.7543619633440772,3.4965075614664802,14.515151515151516,书籍,5.461464605274642,2.197204677230943,-0.25801234872911116,1,0,0
P0110,6,6.5260526563868195,682.6980419936646,10.248935900114377,0.5853557524127229,23.000444250921053,56,1.0,28.491411839524716,3.349602702898851,4.02535169073515,14.071428571428571,书籍,6.354340258070914,8.80881387947523,-17.37982133329225,1,0,0
P0110,7,5.993590609848821,400.85132976590586,8.364157897908184,0.37883196618546117,24.64950233043871,47,1.0,16.219513745476167,2.7862150695372905,3.8501476017100584,16.29787234042553,书籍,5.160977896703074,10.248935900114377,-0.3888238397029888,1,1,1
P0110,8,7.207746718689613,1349.8472524392016,9.698550354268711,0.4051446300937725,19.515498713008157,48,1.0,29.661006954251114,3.389833286040821,3.871201010907891,13.791666666666666,书籍,5.988301219646601,8.324157897908185,-50.038186157913,1,1,1
P0110,9,5.3564723208194,211.97584315965474,11.271998748819536,0.44841602754756077,26.486250383265656,38,1.0,29.881194473001365,3.3972293351350005,3.6375861597263857,10.68421052631579,书籍,6.963839224268113,9.658550354268712,20.105701898532928,1,1,1
P0110,10,5.947986313229055,382.9813575642636,13.835311816643957,0.6127349096200984,26.472044020131552,56,1.0,22.495684213194558,3.1133234780650483,4.02535169073515,17.017857142857142,书籍,8.553093326319253,11.231998748819537,24.49814787550358,1,1,1
P0110,11,5.753393098625425,315.25855088773557,10.44682120170223,0.7468120141523876,25.895992706160577,37,1.0,27.484163474290217,3.3136099651314277,3.6109179126442243,16.027027027027028,书籍,6.452229145055383,13.795311816643958,12.485896820611043,1,1,1
P0110,12,6.396578672686681,599.7894474346184,12.061871676208868,0.501886411861564,25.136032883826836,66,0.9848484848484849,11.965608798725587,2.482036601697802,4.189654742026425,19.21212121212121,书籍,7.4535604392494985,10.40682120170223,5.287462752193363,1,1,1
P0111,1,7.949213576952215,3556.2882583833084,15.308886988590082,0.3334698064027778,14.275658691982839,9,1.0,16.130513577123217,2.780712731501487,2.1972245773362196,13.333333333333334,衣服,9.491509932925851,,-159.5270824681561,0,0,0
P0111,2,6.628538002421311,756.3755426832413,17.459767568954604,0.6992237382549109,26.050936207579554,16,1.0,17.88930278993668,2.8842029247062326,2.772588722239781,11.25,衣服,10.825055892751854,15.308886988590082,23.653158930085027,0,0,0
P0111,3,7.949213576952215,3015.3487996616846,6.789192110730395,0.4885217500645913,12.443164196881131,14,1.0,33.72959775328426,3.5183757235142865,2.6390573296152584,12.571428571428571,衣服,4.2092991086528455,17.459767568954604,-83.18829969800383,0,0,0
P0111,4,7.412805149606682,1657.0681574241798,10.519885634664426,0.7403734235899095,19.538768969326313,19,1.0,19.7126251048873,2.9812592987439603,2.9444389791664403,19.05263157894737,衣服,6.522329093491944,6.789192110730395,-54.25571738992767,0,0,0
P0111,5,6.7566302469007855,859.7401968325254,19.74707852181755,0.5543931197908013,26.500780899737595,17,1.0,30.703752368425327,3.4243848741085805,2.833213344056216,12.352941176470589,衣服,12.243188683526881,10.519885634664426,35.63495148489539,0,0,0
P0111,6,7.906290636228957,2714.3034308546994,7.095417220730538,0.5105559496499518,14.785802063007546,23,1.0,16.484790707866846,2.8024381805296548,3.1354942159291497,14.869565217391305,衣服,4.399158676852934,19.74707852181755,-70.3184977424744,0,0,0
P0111,7,7.949213576952215,6180.218976762148,13.595290522239297,0.5412518515259662,12.443164196881131,14,1.0,25.502333946852875,3.238769975303574,2.6390573296152584,11.714285714285714,衣服,8.429080123788365,7.095417220730538,-166.5837531181308,0,1,0
P0111,8,6.694978388353463,808.3364645398058,14.657351676440834,0.4327349691948932,24.33765283150075,24,1.0,35.938571070894966,3.5818111218253073,3.1780538303479458,11.0,衣服,9.087558039393317,13.595290522239297,-5.255536941605719,0,1,0
P0111,9,6.536042724485348,689.5524227830032,8.300227649822732,0.3968192467517603,26.049377585200684,18,0.9444444444444444,18.58613123576675,2.9224156701113353,2.8903717578961645,13.444444444444445,衣服,5.146141142890094,14.657351676440834,11.231577245032394,0,1,0
P0111,10,7.164831977139704,1293.1443047415623,10.57789921188219,0.6792246985790048,23.184442363716926,20,1.0,19.71093115376691,2.981173362756333,2.995732273553991,17.0,衣服,6.558297511366958,8.300227649822732,-15.991353420195097,0,1,0
P0111,11,7.373152999168595,1592.6474909973178,11.23455631924322,0.3100859305090249,21.517532420044496,30,1.0,14.851754867737117,2.6981180311784305,3.4011973816621555,15.2,衣服,6.965424917930796,10.57789921188219,-35.71106174607433,0,1,0
P0111,12,5.453763359404793,233.63576887227694,-5.742837534949122,0.4501876515023869,31.473447491102775,17,0.0,18.803756965436545,2.934056688457883,2.833213344056216,13.176470588235293,衣服,-3.5605592716684558,11.23455631924322,-38.920558791319394,0,1,0
P0112,1,5.449625900135665,232.67110739467736,8.773878964771955,0.2449599128438289,19.498957552157698,13,1.0,36.35665225499553,3.593377192875531,2.5649493574615367,12.538461538461538,计算机,5.439804958158612,,-45.60008692898682,1,0,0
P0112,2,5.063880302820232,158.20320318482067,4.270022607288071,0.06654210144975392,23.656535912123985,14,0.9285714285714286,28.391797544456264,3.346100284593788,2.6390573296152584,13.428571428571429,计算机,2.647414016518604,8.773878964771955,-4.439443054051062,1,0,0
P0112,3,6.660603047796607,781.0217886082825,-2.2890363430889846,0.11466443898899858,12.443164196881131,7,0.14285714285714285,45.171871011580215,3.810474570362355,1.997987392178877,9.428571428571429,计算机,-1.4192025327151705,4.270022607288071,28.04767315798098,1,0,0
P0112,4,2.1852418772336404,8.8927992589416,19.178345464791484,0.294605196512866,39.130673654705305,8,1.0,20.857034227901007,3.0376912643881386,2.0794415416798357,9.75,计算机,11.890574188170719,-2.2890363430889846,276.829080289538,1,0,0
P0112,5,6.52535720057409,682.223420730209,3.4506163345848915,0.5952315469074658,15.26325425272866,9,1.0,26.7456135192204,3.286370479305837,2.1972245773362196,28.333333333333332,计算机,2.139382127442633,19.178345464791484,-32.54952023134336,1,0,0
P0112,6,5.475622629992964,238.7991041373951,4.417767662951423,0.14260716838817195,18.916578818225112,13,1.0,21.836989741932673,3.083605309047866,2.5649493574615367,28.846153846153847,计算机,2.739015951029882,3.4506163345848915,-25.53307932057912,1,0,0
P0112,7,5.505293450021523,245.99063104434717,7.049133518492601,0.0895037519163122,20.767312738221793,12,0.9166666666666666,24.19421456163968,3.186113536880563,2.4849066497880004,16.25,计算机,4.345662781465412,4.417767662951423,-27.5381838639092,1,1,1
P0112,8,5.261706954114948,192.81032894641174,15.579971722168404,0.13869658572936577,23.00140283002208,11,1.0,20.83340267343251,3.0365575963934677,2.3978952727983707,19.454545454545453,计算机,9.634782467744412,7.009133518492601,-26.337296236730875,1,1,1
P0112,9,5.84264595016203,344.69016813775534,7.020383983405362,0.25210467585385304,23.119961061587794,13,0.8461538461538461,16.136225528101935,2.781066777258621,2.5649493574615367,19.692307692307693,计算机,4.327838069711325,15.539971722168405,-11.00284114384612,1,1,1
P0112,10,5.515404031994602,248.49035502197182,2.324257917802777,0.344894023948102,21.0668942549872,15,1.0,36.49358257634119,3.5971364253040594,2.70805020110221,12.133333333333333,计算机,1.4162399090377218,6.980383983405362,-8.290299215332233,1,1,1
P0112,11,5.427650701662122,227.61388388915398,9.722986421159458,0.22264242824395247,19.36747085754428,17,1.0,47.553012497213444,3.861845141289825,2.833213344056216,13.941176470588236,计算机,6.003451581118864,2.284257917802777,-51.59813414393707,1,1,1
P0112,12,6.353713352485639,574.6225281749986,8.180871026614833,-0.007187590572079933,13.302773936336598,11,1.0,47.27595964289406,3.856001913500718,2.3978952727983707,34.72727272727273,计算机,5.047340036501197,9.682986421159459,-92.75251488697896,1,1,1
P0113,1,2.246926487398337,9.458619927680576,-1.8072468388045781,-0.7314030153516722,39.130673654705305,40,0.275,18.75591057994743,2.9315089336721187,3.6888794541139363,14.95,手机,-1.1204930400588384,,-26.086634071793004,0,0,0
P0113,2,4.075389162384089,58.87338743863106,11.416091163430574,-0.7119565110325532,24.139706915816067,20,1.0,16.04471072281782,2.775379245282299,2.995732273553991,15.0,手机,7.077976521326955,-1.8072468388045781,-6.353119871047788,0,0,0
P0113,3,3.5446596704770914,34.62789844050371,-8.26482064992589,-0.6052342711201515,30.868077227763298,20,0.05,21.468058370930283,3.0665661732847207,2.995732273553991,16.55,手机,-5.124188802954051,11.416091163430574,-51.0093540449504,0,0,0
P0113,4,4.263139778983283,71.03266054762867,0.2410549833081825,-0.7899408222843074,19.288946248857368,25,0.52,42.18680908783657,3.742107591321434,3.2188758248682006,17.2,手机,0.14945408965107315,-8.26482064992589,-1.3034485052423015,0,0,0
P0113,5,3.382712308886113,29.4505418493065,2.6012401601982145,-0.70451169611258,23.99899257243519,32,0.9375,21.33116448119284,3.0601691245792457,3.4657359027997265,11.46875,手机,1.612768899322893,0.2410549833081825,-1.8136367925763628,0,0,0
P0113,6,3.7006528653869926,40.473719626949695,-7.322139117751032,-0.3962018346671631,24.851117432425777,19,0.0,34.35838209146677,3.536846009030326,2.9444389791664403,9.68421052631579,手机,-4.5397262530056395,2.6012401601982145,-1.1342345743306235,0,0,0
P0113,7,2.605554098725623,13.538725015042646,3.690579713729628,-0.8386707465771335,32.047852141572264,24,0.7916666666666666,15.396870624892133,2.7341642825945756,3.1780538303479458,31.0,手机,2.2881594225123694,-7.322139117751032,27.13181167478815,0,1,0
P0113,8,4.150484319751265,63.464730078288525,-0.804018893799235,-0.9872048826600994,25.80949742594347,26,0.38461538461538464,16.40553420534645,2.7976187294517008,3.258096538021482,25.346153846153847,手机,-0.4984917141555257,3.690579713729628,-0.8951020168119306,0,1,0
P0113,9,2.8686537410033015,17.613290181024002,-2.2591284716124487,-0.46419187705685355,32.07938603887691,30,0.3,28.27648307648083,3.342030472491561,3.4011973816621555,20.033333333333335,手机,-1.4006596523997181,-0.804018893799235,-16.679537277654415,0,1,0
P0113,10,4.941391368314014,139.96485681026834,6.251568371622811,-0.894179989814697,17.97457749290373,17,0.9411764705882353,19.26152939687742,2.958109811154897,2.833213344056216,11.764705882352942,手机,3.875972390406143,-2.2591284716124487,-42.02076157661142,0,1,0
P0113,11,2.721825990662637,15.208066694472995,12.785760638680749,-0.5441900214220127,31.661288295479462,18,1.0,37.32882195723279,3.619765734893927,2.8903717578961645,12.38888888888889,手机,7.927171595982064,6.251568371622811,89.0537903955698,0,1,0
P0113,12,3.098089700985327,22.155587034054072,4.355314622752891,-0.427626515865971,31.699121083435944,32,0.96875,13.857712204795833,2.6288419155480534,3.4657359027997265,19.8125,手机,2.700295066106792,12.785760638680749,30.499869625310094,0,1,0
P0114,1,2.66401405874551,14.353790572901742,-3.3379455095253183,-0.9906906693241844,28.380035863799772,46,0.21739130434782608,25.81344394523656,3.250895439359596,3.828641396489095,17.97826086956522,平板,-2.0695262159056975,,-12.296401248937451,1,0,0
P0114,2,2.8223781302089566,16.81679568593068,-5.4253806727434855,-1.1236595995083303,20.88301379605033,29,0.06896551724137931,22.472504166856588,3.112292524885651,3.367295829986474,17.82758620689655,平板,-3.363736017100961,-3.3379455095253183,20.68805520986887,1,0,0
P0114,3,2.0911758443895576,5.629102827317905,8.564090407168191,-0.7843552740759226,30.059943339146795,52,1.0,51.5899944004123,3.9433277467163763,3.9512437185814275,19.5,平板,5.309736052444278,-5.4253806727434855,45.93547478413886,1,0,0
P0114,4,2.0911758443895576,5.811160916105202,-3.726897024732076,-1.1244012158376744,28.445544695009275,29,0.2413793103448276,34.67238882627395,3.545943659148345,3.367295829986474,8.620689655172415,平板,-2.310676155333887,8.564090407168191,-13.973374548844363,1,0,0
P0114,5,3.6116453706998692,37.026925740544876,2.9412131755402413,-0.967518262555191,21.043226686471762,29,0.7931034482758621,25.71672759976221,3.2471416595392464,3.367295829986474,11.517241379310345,平板,1.8235521688349496,-3.726897024732076,-10.744210362681132,1,0,0
P0114,6,3.101614785887908,22.23382517644588,-8.073945001743356,-0.9268250104415897,27.670273671388255,34,0.029411764705882353,27.967589127979522,3.3310463085750084,3.5263605246161616,12.764705882352942,平板,-5.005845901080881,2.9412131755402413,-24.012405347216937,1,0,0
P0114,7,2.0911758443895576,3.422950387081429,-4.810652956860772,-0.6893247357928081,33.90361048113996,34,0.08823529411764706,21.77759143043684,3.080881525092033,3.5263605246161616,15.264705882352942,平板,-3.0074048332536787,-8.073945001743356,-44.66189165201024,1,1,1
P0114,8,3.1963723510014654,24.44369601554344,0.3451822744676595,-0.9704047525949102,24.595827150958723,43,0.5813953488372093,57.07065990427178,4.008329516072456,3.7612001156935624,9.883720930232558,平板,0.18921301016994888,-4.850652956860772,-0.03063586627651105,1,1,1
P0114,9,2.811003409152227,16.626593127223977,0.7894992204286456,-0.7561077923462965,29.103282788721263,37,0.5675675675675675,35.96800019240122,3.582629659620459,3.6109179126442243,20.594594594594593,平板,0.46468951666576025,0.3051822744676595,3.303095654575979,1,1,1
P0114,10,3.230822859719626,25.30046714316228,-0.6139163498701545,-1.035679568007038,25.451167661013724,42,0.38095238095238093,23.340163666768305,3.1501756391203837,3.7376696182833684,17.047619047619047,平板,-0.4054281369194958,0.7494992204286456,-0.49367744364086225,1,1,1
P0114,11,2.993666702069466,19.95873120680378,-3.4731185620676155,-1.1694810898758201,22.49665472713753,63,0.25396825396825395,28.51605000720304,3.35046708690804,4.143134726391533,13.26984126984127,平板,-2.1781335084819218,-0.6539163498701546,7.727307667639778,1,1,1
P0114,12,3.055448437832025,21.230704043414665,2.7765416883260383,-0.8066362349385047,26.84666821904156,44,0.8636363636363636,21.082391771249682,3.0484381788711126,3.784189633918261,16.545454545454547,平板,1.6966558467621438,-3.5131185620676155,5.884811391089364,1,1,1
P0115,1,5.550607451295172,257.39386266184096,1.9597199325171182,-0.07539653630301077,24.362784051304132,44,0.7954545454545454,27.574327058347862,3.3168851607927476,3.784189633918261,11.818181818181818,热水器,1.2150263581606133,,-0.6534266154252625,0,0,0
P0115,2,5.091135863458018,162.57441955996936,16.841552772790802,0.3371361061780181,30.033646756474425,32,1.0,17.87037951035589,2.8831445662349102,3.4657359027997265,12.5,热水器,10.441762719130297,1.9597199325171182,89.89067865252997,0,0,0
P0115,3,6.370138454616341,584.1386999922743,12.032465115223804,0.2605459328103443,21.71969538708967,34,1.0,27.137749718363178,3.3009257371284724,3.5263605246161616,16.264705882352942,热水器,7.460128371438758,16.841552772790802,-35.81483979000298,0,0,0
P0115,4,5.087251897748601,161.94421073613552,6.940100009026897,0.08098451368808553,25.9313045260849,43,1.0,27.608869106478558,3.3181370655406677,3.7612001156935624,16.837209302325583,热水器,4.302862005596676,12.032465115223804,8.5716613369485,0,0,0
P0115,5,5.725691585028777,306.6452632007827,6.261383911776066,0.3326291205028288,27.176497461392046,34,0.9411764705882353,18.936027795304966,2.9410663400657473,3.5263605246161616,13.529411764705882,热水器,3.8820580253011605,6.940100009026897,15.530015592030267,0,0,0
P0115,6,4.925498506724953,137.75799781698237,10.14749032194172,0.18152097668262163,29.606866309410666,35,1.0,19.7449010523801,2.9828952834513083,3.5553480614894135,11.285714285714286,热水器,6.2914439996038665,6.261383911776066,49.83081077071138,0,0,0
P0115,7,5.7058538209300185,300.6220478980363,2.2349222101216037,0.2308464805140914,21.790087768571503,32,0.75,26.758797909187994,3.2868633130697256,3.4657359027997265,14.15625,热水器,1.3856517702753943,10.14749032194172,-6.4949629795860035,0,1,0
P0115,8,6.877863090819362,970.5501647045443,5.027419491643426,0.18782591852990763,18.247532450740252,25,0.96,15.407383940667168,2.734846871174076,3.2188758248682006,14.08,热水器,3.117000084818924,2.2349222101216037,-32.420220386728694,0,1,0
P0115,9,5.871580139482001,354.8091855526274,5.819944908884188,0.01493089057638261,22.01505764655225,41,0.975609756097561,29.54988329574727,3.3860797944618133,3.713572066704308,17.195121951219512,热水器,3.6083658435081967,5.027419491643426,-15.604174247391551,0,1,0
P0115,10,5.914794586295998,370.47819358967877,4.387576634370996,0.21833222719559908,21.555455486213546,32,0.875,24.250330903699084,3.1884302628037573,3.4657359027997265,15.84375,热水器,2.7202975133100176,5.819944908884188,-13.780312621781938,0,1,0
P0115,11,5.302232064317852,200.78447404152433,3.9260092856208875,0.0071371410103167054,25.13468437147414,30,0.8666666666666667,18.481787083718455,2.9167857652024587,3.4011973816621555,15.433333333333334,热水器,2.43412575708495,4.387576634370996,1.7214441611962958,0,1,0
P0115,12,6.4241413285904665,616.55117531431,13.02487092587655,0.2632556902289531,21.554901784053833,25,1.0,26.406938947432153,3.273626814534058,3.2188758248682006,14.64,热水器,8.075419974043461,3.9260092856208875,-40.91516819806479,0,1,0
P0116,1,5.692931178891872,296.7622101492655,16.418627859691163,0.7115289687099026,25.539821556402146,77,1.0,32.146042630233495,3.4702893522903335,4.330733340286331,11.714285714285714,衣服,10.17954927300852,,13.850901158405668,1,0,0
P0116,2,5.055857471039349,156.9390433500388,13.023269089769146,0.6528407245573241,25.602905026389408,54,1.0,34.5060243762789,3.541133928395373,3.9889840465642745,12.62962962962963,衣服,8.07442683565687,16.418627859691163,11.808099168253673,1,0,0
P0116,3,5.182424403048722,178.11410835010136,11.389838073454518,0.6295747042015383,22.33275814713455,41,1.0,19.37641499514551,2.9640566045802137,3.713572066704308,12.731707317073171,衣服,7.0616996055418015,13.023269089769146,-26.919363758990183,1,0,0
P0116,4,4.176666938869346,65.14834751065428,4.284546945171545,0.6947502433763562,30.20766810329807,30,0.8666666666666667,17.51046372379848,2.8627986293164986,3.4011973816621555,11.133333333333333,衣服,2.656419106006358,11.389838073454518,23.614089747239742,1,0,0
P0116,5,4.503968109610658,90.37503878278834,14.303403527149175,0.8195522192678567,28.324213267424735,50,1.0,17.14392591191261,2.8416439366449415,3.912023005428146,14.1,衣服,8.868110186832489,4.284546945171545,51.892757232925106,1,0,0
P0116,6,6.144699238046399,466.2394009004288,11.54301006533741,0.6408814191179992,17.960248609139718,58,0.9827586206896551,17.76194049676411,2.8770579938005305,4.060443010546419,17.879310344827587,衣服,7.156666240509194,14.303403527149175,-77.75330039643818,1,0,0
P0116,7,5.04431339008409,155.13774350842488,13.079476051041903,0.8602340767062122,25.58736285473792,59,1.0,21.781920823025366,3.081080305674221,4.07753744390572,19.033898305084747,衣服,8.08447515164598,11.54301006533741,11.620132121912414,1,1,1
P0116,8,4.9027206399864705,134.65563127889263,5.939829164862345,1.0520259062523223,28.29657655831864,58,0.9655172413793104,19.89546666831132,2.9904919001663104,4.060443010546419,17.637931034482758,衣服,3.6578940822146535,13.039476051041904,21.24153215753241,1,1,1
P0116,9,5.679830811065798,292.89987031331367,11.398839083629333,0.9839458425775928,22.90654595173911,48,1.0,19.698758874627195,2.9805556324713187,3.871201010907891,16.520833333333332,衣服,7.042480231850187,5.899829164862345,-20.32853571712953,1,1,1
P0116,10,4.512647093477254,91.16281589382504,18.854149489716416,0.7206425879493301,27.480948807804918,62,1.0,23.582751635044936,3.1605155818992303,4.127134385045092,17.629032258064516,衣服,11.664772683624179,11.358839083629334,52.39244289528269,1,1,1
P0116,11,5.061206414779088,157.7807505789394,17.0257730764971,0.9086188368425772,25.551321010376963,40,1.0,24.724065814546496,3.2077770937634926,3.6888794541139363,17.15,衣服,10.531179307428202,18.814149489716417,14.524677046311144,1,1,1
P0116,12,4.394179204338457,80.9781369740458,12.45306790264527,0.656404182897495,24.699324006205917,45,1.0,23.978834976556367,3.177171565289744,3.8066624897703196,18.466666666666665,衣服,7.6961020996400675,16.9857730764971,0.03862182746119691,1,1,1
P0117,1,3.027121025271616,20.637731472021663,9.358484303213189,0.034052472254286835,37.30118216328686,22,1.0,22.122585639914426,3.096599061319891,3.091042453358316,29.227272727272727,衣服,5.802260267992177,,117.96340959766073,0,0,0
P0117,2,5.290066079481977,198.35653227322837,17.317043309279942,0.053616094933112764,25.658030363776795,24,1.0,12.21981187658774,2.5030585589103618,3.1780538303479458,18.458333333333332,衣服,10.736566851753564,9.358484303213189,16.655839495621365,0,0,0
P0117,3,4.363676306923521,78.54536114851102,4.017199147766254,-0.02383658628592794,33.645852182220686,25,0.84,20.38067154059814,3.0145869782133436,3.2188758248682006,10.52,衣服,2.4906634716150777,17.317043309279942,35.95248441544177,0,0,0
P0117,4,5.294808535376471,199.29946351655602,9.806597551393077,-0.15826505337713556,23.60894737194694,39,1.0,16.06050939377532,2.7763634261834333,3.6635616461296463,16.564102564102566,衣服,6.080090481863707,4.017199147766254,-10.662372735691903,0,0,0
P0117,5,2.9802393422507594,19.69252933506115,9.68850006571385,-0.11650253280023522,36.106909475205455,20,1.0,33.51644105190282,3.5120360961077903,2.995732273553991,16.85,衣服,6.006870040742587,9.806597551393077,110.55253721527664,0,0,0
P0117,6,4.485322269013669,88.7055332518041,5.801699404778173,-0.20361670017645156,31.220353826506255,27,1.0,19.092097279573636,2.949274494436223,3.295836866004329,14.37037037037037,衣服,3.597053630962467,9.68850006571385,37.851106144761836,0,0,0
P0117,7,4.507962002728783,90.73670878314067,10.583742564953551,-0.018743122631557627,26.852751885817153,30,1.0,46.775265933207265,3.845354557514537,3.4011973816621555,12.3,衣服,6.561920390271202,5.801699404778173,22.82425640290147,0,1,0
P0117,8,5.109014678179127,165.5071966528788,11.899435330204582,-0.24774436140700273,23.720671431993157,27,1.0,22.557385852387892,3.1160625445783765,3.295836866004329,16.074074074074073,衣服,7.377649904726841,10.583742564953551,-11.60838929856256,0,1,0
P0117,9,5.503248434804667,245.48809048733958,2.8957144341564547,0.020333232519290895,22.399580633908972,27,0.8888888888888888,24.005837159786932,3.1782970157670967,3.295836866004329,13.11111111111111,衣服,1.7953429491770019,11.899435330204582,-6.650390396917724,0,1,0
P0117,10,5.022053900358284,151.72260710872206,12.830523784249744,0.012269363915771644,28.79128326587184,22,1.0,23.448639206958347,3.1548124636544936,3.091042453358316,14.090909090909092,衣服,7.954924746234841,2.8957144341564547,52.54190129855842,0,1,0
P0117,11,5.761963768360394,317.9721398350029,7.027598285486841,-0.04508793959238904,23.26462161112802,25,0.96,29.035150198563667,3.3685071718281523,3.2188758248682006,28.16,衣服,4.357110937001841,12.830523784249744,-10.060646531233969,0,1,0
P0117,12,5.152458586759076,172.8559496670552,13.181175882208422,0.1882983251923902,26.350189182894105,31,1.0,19.963264909773958,2.993893830140739,3.4339872044851463,9.290322580645162,衣服,8.172329046969221,7.027598285486841,21.80135595848746,0,1,0
P0118,1,5.692142851226064,296.5283564776092,5.641222349708015,0.2692761294369634,27.626443277585402,55,0.9636363636363636,22.732929911313907,3.1238145301872158,4.007333185232471,12.145454545454545,衣服,3.4975578568189696,,16.53008266592483,1,0,0
P0118,2,5.5868455654139275,266.8923958613458,8.43038471643965,-0.007407025205998619,22.96026225631484,41,0.975609756097561,40.4808913839389,3.7008300450909877,3.713572066704308,10.975609756097562,衣服,5.226838524192583,5.641222349708015,-14.634729428624885,1,0,0
P0118,3,4.693291647021273,109.21207640889793,-4.175838074849735,0.37033250133609236,31.24419173836077,47,0.2127659574468085,39.84962065166843,3.6851128857848523,3.8501476017100584,18.148936170212767,衣服,-2.589019606406836,8.43038471643965,-27.343300508779958,1,0,0
P0118,4,5.1382669361669695,170.4201632227575,10.414219512427069,0.2597688601859899,31.746392782783722,48,1.0,24.463241131332786,3.1971716288941363,3.871201010907891,12.166666666666666,衣服,6.456816097704783,-4.175838074849735,73.42212379995112,1,0,0
P0118,5,4.989124289767663,146.807806090145,0.5360709332392088,0.13732715311467514,29.833184158152548,61,0.5245901639344263,22.839032455913713,3.128471022065378,4.110873864173311,22.9672131147541,衣服,0.33236397860830946,10.414219512427069,2.753781125583104,1,0,0
P0118,6,5.986854416344705,398.16019183130686,11.966454918042837,0.4539203500143316,23.652643902006314,75,0.9866666666666667,40.98210864686138,3.713135596998467,4.31748811353631,12.453333333333333,衣服,7.419202049186559,0.5360709332392088,-12.487818037787596,1,0,0
P0118,7,5.798418629995032,329.7776468705297,9.398531575231033,0.036331638839152136,23.941524930990486,54,1.0,25.125911707314167,3.223899652579163,3.9889840465642745,18.40740740740741,衣服,5.802289576643241,11.966454918042837,-7.06276858270342,1,1,1
P0118,8,5.871482130581867,354.77441279864166,14.078729395653301,0.18750299107462887,25.174077861964253,41,1.0,25.100631765962625,3.2228930157796505,3.713572066704308,13.195121951219512,衣服,8.704012225305048,9.358531575231034,6.708620796018367,1,1,1
P0118,9,5.713205962838155,302.8404087140633,11.088191512465775,0.35277167749459126,22.487590379323056,39,1.0,35.11833887663407,3.5587234691469987,3.6635616461296463,16.102564102564102,衣服,6.849878737728781,14.038729395653302,-24.401281512189037,1,1,1
P0118,10,5.439823564860905,230.40152894849763,7.707411103160111,0.09042762020102282,25.027550087062846,40,0.975,12.156072410213831,2.497828831783583,3.6888794541139363,18.1,衣服,4.7537948839592685,11.048191512465776,2.540500561012446,1,1,1
P0118,11,5.09233219525694,162.7690288932365,3.4020552099650203,0.2321513718247593,25.6328417913684,67,0.8208955223880597,27.155136554326386,3.3015662201733504,4.204692619390966,22.253731343283583,衣服,2.0844742301783126,7.667411103160111,3.1489989797749867,1,1,1
P0118,12,5.422145783908722,226.36433067818896,3.798475002691284,0.4318964885978964,26.129627648253756,46,0.8913043478260869,23.464013347757977,3.155467900536136,3.828641396489095,12.673913043478262,衣服,2.330254501668596,3.3620552099650203,5.387454545880644,1,1,1
P0119,1,4.702187619752925,110.18795833630922,5.548843656824334,0.1462728946618311,24.383035196763757,24,0.875,22.836075280364692,3.1283415346618573,3.1780538303479458,17.75,平板,3.4402830672310873,,-1.737772567675893,0,0,0
P0119,2,3.447643891065868,31.42626131763915,0.7459102097428311,-0.31484312847563267,27.057313951631716,25,0.72,23.155024822015804,3.1422118119259133,3.2188758248682006,16.48,平板,0.46246433004055526,5.548843656824334,1.7611695882525538,0,0,0
P0119,3,4.05091353348469,57.44991550202334,4.455180272696316,-0.024526803281009462,28.428649272068792,45,0.9111111111111111,20.64166206178533,3.027311463620587,3.8066624897703196,13.333333333333334,平板,2.762211769071716,0.7459102097428311,16.6286781339259,0,0,0
P0119,4,5.09401827602384,163.04370211784936,9.215598541625333,-0.16054409445821313,21.839096271797597,62,0.9838709677419355,27.51302383874517,3.314659486698406,4.127134385045092,13.048387096774194,平板,5.713671095807706,4.455180272696316,-26.330037267178376,0,0,0
P0119,5,4.632974495762083,102.81944571272639,3.268846291737665,-0.09580596949281206,21.469611440617335,36,0.8333333333333334,22.003821044107333,3.0912161221000876,3.58351893845611,16.333333333333332,平板,2.0266847008773525,9.215598541625333,-10.547263305614694,0,0,0
P0119,6,3.5995403407074065,36.58141559089056,9.901575322099683,-0.06915442557559157,28.772509788005927,40,1.0,16.558469773577734,2.8068977397103207,3.6888794541139363,26.0,平板,6.138976699701804,3.268846291737665,40.361763427693305,0,0,0
P0119,7,4.199223775340988,66.6345875512365,11.41042781588233,-0.09479903161925005,26.53658182899442,34,1.0,22.699882413831304,3.122359744466509,3.5263605246161616,17.176470588235293,平板,7.074465245847044,9.901575322099683,20.99939999469791,0,1,0
P0119,8,4.529940660000562,92.75305695245837,8.360411626204456,-0.16045253253848887,24.468539743028852,44,0.9772727272727273,17.882851206969622,2.8838422205094676,3.784189633918261,10.090909090909092,平板,5.183455208246763,11.41042781588233,-1.9034389815995085,0,1,0
P0119,9,2.3481005454780135,10.46567176551517,3.345729009233596,0.18491781633524706,36.08253767908511,26,0.8076923076923077,14.296045137266463,2.6599829351875135,3.258096538021482,11.884615384615385,平板,2.0743519857248294,8.360411626204456,38.095558053142454,0,1,0
P0119,10,4.3464517955639375,77.20404064050325,9.372489678914159,0.3504404821545612,24.824761571307885,40,0.975,33.50573329937098,3.5117165674524884,3.6888794541139363,13.6,平板,5.8109436009267785,3.345729009233596,1.204823703675278,0,1,0
P0119,11,4.676771796912155,107.42272983843651,7.342895573056125,-0.03743981546995463,25.99018494985835,53,0.9622641509433962,20.785873058923926,3.03427357610072,3.970291913552122,9.584905660377359,平板,4.552595255294797,9.372489678914159,9.501503680279193,0,1,0
P0119,12,3.5832256897091748,35.98944459286593,7.056123562835475,-0.09530742625531485,29.563555991973455,32,1.0,16.696128713578414,2.8151768789916147,3.4657359027997265,13.34375,平板,4.374796608957994,7.342895573056125,34.34457624357834,0,1,0
P0120,1,3.591455232227768,36.286843306592,6.644203615670709,-0.2913934601994438,24.105035964189025,16,1.0,37.79863300526854,3.6322729380898284,2.772588722239781,10.4375,平板,4.11940624171584,,-3.9278980851643257,1,0,0
P0120,2,4.689851000039345,108.83696189617162,4.430478757626715,-0.2926186031672178,20.070201615574113,28,0.9642857142857143,23.416066482546334,3.1534223885786843,3.332204510175204,10.392857142857142,平板,2.746896829728563,6.644203615670709,-20.49544349507462,1,0,0
P0120,3,4.633553555619552,102.87900156784423,6.4342214339736845,-0.2856158778986427,20.308312429754316,13,1.0,29.433481446957693,3.3821328511021114,2.5649493574615367,18.384615384615383,平板,3.9892172890636846,4.430478757626715,-28.232721464989318,1,0,0
P0120,4,3.8807163927412085,48.458918256591815,1.6096148867853055,0.006752083059197778,29.03640526899143,21,0.6666666666666666,13.909632261880935,2.632581568625496,3.044522437723423,13.095238095238095,平板,0.9979612298068894,6.4342214339736845,6.986038696637649,1,0,0
P0120,5,4.891278632513565,133.12368154316863,1.7289476724716244,-0.001457913623159418,17.097625151681974,19,0.6842105263157895,18.88810722893927,2.938532476860451,2.9444389791664403,9.210526315789474,平板,1.071947556932407,1.6096148867853055,-13.13756012031542,1,0,0
P0120,6,3.2375456118050057,25.47112892708184,7.5387885087529165,-0.2913990487814551,27.99158928321595,22,1.0,18.653413461220616,2.9260291567536445,3.091042453358316,10.090909090909092,平板,4.674048875426808,1.7289476724716244,24.843147708042142,1,0,0
P0120,7,4.0015264772779995,54.68155651144194,6.424519373455271,-0.3590531059257086,25.848927863124366,18,0.9444444444444444,27.354006828370405,3.3088630200890132,2.8903717578961645,19.333333333333332,平板,3.958402011542268,7.5387885087529165,7.359532791114606,1,1,1
P0120,8,3.5115126346109498,33.49890107665238,7.970236946841489,-0.24777552585010554,27.69935597214698,24,0.9583333333333334,21.435804942265886,3.0650626520514512,3.1780538303479458,17.583333333333332,平板,4.916746907041723,6.384519373455271,23.815638354579136,1,1,1
P0120,9,5.097314290708143,163.58198315800834,1.803151782687038,-0.15066228885378127,17.323340502149975,22,0.8181818181818182,33.61382793321107,3.5149375279387645,3.091042453358316,14.909090909090908,平板,1.0931541052659635,7.930236946841489,-12.999492621063016,1,1,1
P0120,10,4.0192049061285955,55.65683582065975,6.534894671640006,-0.21607863284835338,24.3866745976572,26,0.9230769230769231,28.952722491229547,3.365664240745238,3.258096538021482,15.5,平板,4.026834696416804,1.763151782687038,-2.0104168628591537,1,1,1
P0120,11,4.147224344613837,63.25817350370906,12.151916604310294,-0.338771728197341,20.520503411521666,18,1.0,27.2621494388508,3.305499272714245,2.8903717578961645,8.333333333333334,平板,7.509388294672383,6.494894671640006,-50.57584171722009,1,1,1
P0120,12,4.0866793306587645,59.5418442842986,3.358485518000655,-0.2964226651309265,21.739593880203497,22,0.7727272727272727,49.5935755564537,3.9038613002702873,3.091042453358316,19.90909090909091,平板,2.0574610211604063,12.111916604310295,-9.81149647582045,1,1,1
